symbol,name,industry,industry_name,business_group,primary_chain,all_chain_paths,research_keywords,source_url,source_type,updated_at
3481,群創,26,光電業,面板／顯示器,平面顯示器 > 面板,,"面板價格, LCD, OLED, Mini LED, Micro LED, IT面板, TV面板, 稼動率, 平面顯示器, 面板",https://ic.tpex.org.tw/company_chain.php?stk_code=3481,fallback/override,2026-09-29 19:16:32
2327,國巨*,28,電子零組件業,被動元件／電阻電容電感,被動元件 > 電阻器,,"MLCC, 電阻, 電容, 電感, 被動元件價格, 稼動率, AI伺服器, 車用電子, 被動元件, 電阻器",https://ic.tpex.org.tw/company_chain.php?stk_code=2327,fallback/override,2026-09-29 19:16:32
2492,華新科,28,電子零組件業,被動元件／電阻電容電感,被動元件 > 電容器,,"MLCC, 電阻, 電容, 電感, 被動元件價格, 稼動率, AI伺服器, 車用電子, 被動元件, 電容器",https://ic.tpex.org.tw/company_chain.php?stk_code=2492,fallback/override,2026-09-29 19:16:32
3037,欣興,28,電子零組件業,PCB／IC載板,印刷電路板 > 硬板、軟板、IC載板製造,,"PCB, ABF, BT載板, HDI, CCL, AI伺服器, 稼動率, 接單, Server, ODM, GPU, 機櫃, 出貨, CAPEX, 印刷電路板, 硬板",https://ic.tpex.org.tw/company_chain.php?stk_code=3037,fallback/override,2026-09-29 19:16:32
3044,健鼎,28,電子零組件業,PCB／高階電路板,印刷電路板 > 硬板、軟板、IC載板製造,,"PCB, ABF, BT載板, HDI, CCL, AI伺服器, 稼動率, 接單, Server, ODM, GPU, 機櫃, 出貨, CAPEX, 印刷電路板, 硬板",https://ic.tpex.org.tw/company_chain.php?stk_code=3044,fallback/override,2026-09-29 19:16:32
3533,嘉澤,28,電子零組件業,連接器／高速互連,連接器 > 連接器設計、組裝及製造,,"高速連接器, 高速互連, PCIe, 112G, 224G, 800G, AI伺服器, 網通, 連接器, 連接器設計, 組裝及製造",https://ic.tpex.org.tw/company_chain.php?stk_code=3533,fallback/override,2026-09-29 19:16:32
2303,聯電,24,半導體業,晶圓代工,半導體 > 晶圓製造,,"晶圓代工, 先進製程, 成熟製程, 稼動率, 晶圓價格, CAPEX, AI/HPC, 矽晶圓, 300mm, 200mm, 晶圓需求, 晶圓廠CAPEX, 晶圓製造",https://ic.tpex.org.tw/company_chain.php?stk_code=2303,fallback/override,2026-09-29 19:16:32
2330,台積電,24,半導體業,晶圓代工／先進製程,半導體 > 晶圓製造,,"晶圓代工, 先進製程, 成熟製程, 稼動率, 晶圓價格, CAPEX, AI/HPC, 矽晶圓, 300mm, 200mm, 晶圓需求, 晶圓廠CAPEX, 晶圓製造",https://ic.tpex.org.tw/company_chain.php?stk_code=2330,fallback/override,2026-09-29 19:16:32
2344,華邦電,24,半導體業,記憶體／Flash,半導體 > 記憶體,,"DRAM, DDR5, HBM, 記憶體價格, 庫存, 伺服器需求, AI server, NAND, Flash, SSD, NAND價格, PCIe, 企業SSD, UFS, 記憶體",https://ic.tpex.org.tw/company_chain.php?stk_code=2344,fallback/override,2026-09-29 19:16:32
2408,南亞科,24,半導體業,記憶體／DRAM,半導體 > 記憶體,,"DRAM, DDR5, HBM, 記憶體價格, 庫存, 伺服器需求, AI server, 記憶體",https://ic.tpex.org.tw/company_chain.php?stk_code=2408,fallback/override,2026-09-29 19:16:32
6515,穎崴,24,半導體業,半導體測試／測試介面,半導體 > 生產製程及檢測設備,,"Test Socket, Probe Card, Burn-in, SLT, 測試設備, HPC測試, 生產製程及檢測設備",https://ic.tpex.org.tw/company_chain.php?stk_code=6515,fallback/override,2026-09-29 19:16:32
7769,鴻勁,24,半導體業,半導體設備／測試,半導體 > 生產製程及檢測設備,,"Test Socket, Probe Card, Burn-in, SLT, 測試設備, HPC測試, 生產製程及檢測設備",https://ic.tpex.org.tw/company_chain.php?stk_code=7769,fallback/override,2026-09-29 19:16:32
6488,環球晶,24,半導體業,半導體材料／矽晶圓,半導體 > 矽晶圓／矽晶片,,"矽晶圓, 300mm, 200mm, 晶圓需求, 稼動率, 晶圓廠CAPEX, 矽晶圓／矽晶片",https://ic.tpex.org.tw/company_chain.php?stk_code=6488,fallback/override,2026-09-29 19:16:32
3374,精材,24,半導體業,封裝測試／晶圓級封裝,半導體 > IC封裝測試,,"封裝測試, WLCSP, 先進封裝, CoWoS, Chiplet, 封裝需求, 矽晶圓, 300mm, 200mm, 晶圓需求, 稼動率, 晶圓廠CAPEX, IC封裝測試",https://ic.tpex.org.tw/company_chain.php?stk_code=3374,fallback/override,2026-09-29 19:16:32
2377,微星,25,電腦及週邊設備業,電腦周邊／電競硬體,電腦及週邊設備 > 筆記型電腦／桌上型電腦及周邊,,筆記型電腦／桌上型電腦及周邊,https://ic.tpex.org.tw/company_chain.php?stk_code=2377,fallback/override,2026-09-29 19:16:32
3450,聯鈞,24,半導體業,封裝測試／光通訊,半導體 > IC封裝測試,,"封裝測試, WLCSP, 先進封裝, CoWoS, Chiplet, 封裝需求, 800G, 1.6T, 光模組, 交換器, 資料中心, AI網路, IC封裝測試",https://ic.tpex.org.tw/company_chain.php?stk_code=3450,fallback/override,2026-09-29 19:16:32
0050,元大台灣50,00,ETF/無產業分類,ETF／指數投資,ETF,,ETF,https://ic.tpex.org.tw/company_chain.php?stk_code=0050,fallback/override,2026-09-29 19:16:32
3006,晶豪科,24,半導體業,IC設計／記憶體IC,半導體 > IC設計,,"DRAM, DDR5, HBM, 記憶體價格, 庫存, 伺服器需求, AI server, ASIC, SoC, AI accelerator, tape-out, design win, NRE, HPC, IC設計",https://ic.tpex.org.tw/company_chain.php?stk_code=3006,fallback/override,2026-09-29 19:16:32
3661,世芯-KY,24,半導體業,ASIC／SoC設計服務,半導體 > IP設計／IC設計代工服務,,"ASIC, SoC, AI accelerator, tape-out, design win, NRE, HPC, IP設計／IC設計代工服務",https://ic.tpex.org.tw/company_chain.php?stk_code=3661,fallback/override,2026-09-29 19:16:32
8299,群聯,24,半導體業,儲存控制／NAND方案,半導體 > 儲存控制器IC,,"NAND, Flash, SSD, NAND價格, PCIe, 企業SSD, UFS, 儲存控制器IC",https://ic.tpex.org.tw/company_chain.php?stk_code=8299,fallback/override,2026-09-29 19:16:32
2308,台達電,28,電子零組件業,電源供應／AI電源,電源與電子零組件 > 電源供應器,,"PSU, BBU, 800V, 資料中心電源, AI伺服器電源, 電源供應器, 電力需求, 電源與電子零組件",https://ic.tpex.org.tw/company_chain.php?stk_code=2308,fallback/override,2026-09-29 19:16:32
4770,,00,ETF/無產業分類,ETF/無產業分類／待細分,,,,https://ic.tpex.org.tw/company_chain.php?stk_code=4770,fallback/override,2026-09-23 22:42:34
6243,,00,ETF/無產業分類,ETF/無產業分類／待細分,,,,https://ic.tpex.org.tw/company_chain.php?stk_code=6243,fallback/override,2026-09-23 22:42:34
6237,,00,ETF/無產業分類,ETF/無產業分類／待細分,,,,https://ic.tpex.org.tw/company_chain.php?stk_code=6237,fallback/override,2026-09-23 22:42:34
4188,,00,ETF/無產業分類,ETF/無產業分類／待細分,,,,https://ic.tpex.org.tw/company_chain.php?stk_code=4188,fallback/override,2026-09-23 22:42:34
4556,,00,ETF/無產業分類,ETF/無產業分類／待細分,,,,https://ic.tpex.org.tw/company_chain.php?stk_code=4556,fallback/override,2026-09-23 22:42:34
6426,,00,ETF/無產業分類,ETF/無產業分類／待細分,,,nan,https://ic.tpex.org.tw/company_chain.php?stk_code=6426,fallback/override,2026-09-29 19:16:32
3552,,00,ETF/無產業分類,ETF/無產業分類／待細分,,,,https://ic.tpex.org.tw/company_chain.php?stk_code=3552,fallback/override,2026-09-23 22:42:34
2342,,00,ETF/無產業分類,ETF/無產業分類／待細分,,,,https://ic.tpex.org.tw/company_chain.php?stk_code=2342,fallback/override,2026-09-23 22:42:34
3653,,00,ETF/無產業分類,ETF/無產業分類／待細分,,,,https://ic.tpex.org.tw/company_chain.php?stk_code=3653,fallback/override,2026-09-23 22:42:34
6526,,00,ETF/無產業分類,ETF/無產業分類／待細分,,,,https://ic.tpex.org.tw/company_chain.php?stk_code=6526,fallback/override,2026-09-23 22:42:34
3691,,00,ETF/無產業分類,ETF/無產業分類／待細分,,,,https://ic.tpex.org.tw/company_chain.php?stk_code=3691,fallback/override,2026-09-23 22:42:34
4174,,00,ETF/無產業分類,ETF/無產業分類／待細分,,,,https://ic.tpex.org.tw/company_chain.php?stk_code=4174,fallback/override,2026-09-23 22:42:34
3294,,00,ETF/無產業分類,ETF/無產業分類／待細分,,,,https://ic.tpex.org.tw/company_chain.php?stk_code=3294,fallback/override,2026-09-23 22:42:34
3675,,00,ETF/無產業分類,ETF/無產業分類／待細分,,,,https://ic.tpex.org.tw/company_chain.php?stk_code=3675,fallback/override,2026-09-23 22:42:34
6925,,00,ETF/無產業分類,ETF/無產業分類／待細分,,,nan,https://ic.tpex.org.tw/company_chain.php?stk_code=6925,fallback/override,2026-09-29 19:16:32
6225,,00,ETF/無產業分類,ETF/無產業分類／待細分,,,,https://ic.tpex.org.tw/company_chain.php?stk_code=6225,fallback/override,2026-09-23 22:42:34
8084,,00,ETF/無產業分類,ETF/無產業分類／待細分,,,nan,https://ic.tpex.org.tw/company_chain.php?stk_code=8084,fallback/override,2026-09-29 19:16:32
4924,,00,ETF/無產業分類,ETF/無產業分類／待細分,,,nan,https://ic.tpex.org.tw/company_chain.php?stk_code=4924,fallback/override,2026-09-29 19:16:32
4304,,00,ETF/無產業分類,ETF/無產業分類／待細分,,,,https://ic.tpex.org.tw/company_chain.php?stk_code=4304,fallback/override,2026-09-23 22:42:34
3264,,00,ETF/無產業分類,ETF/無產業分類／待細分,,,,https://ic.tpex.org.tw/company_chain.php?stk_code=3264,fallback/override,2026-09-23 22:42:34
4127,,00,ETF/無產業分類,ETF/無產業分類／待細分,,,,https://ic.tpex.org.tw/company_chain.php?stk_code=4127,fallback/override,2026-09-23 22:42:34
3312,,00,ETF/無產業分類,ETF/無產業分類／待細分,,,,https://ic.tpex.org.tw/company_chain.php?stk_code=3312,fallback/override,2026-09-23 22:42:34
6538,,00,ETF/無產業分類,ETF/無產業分類／待細分,,,nan,https://ic.tpex.org.tw/company_chain.php?stk_code=6538,fallback/override,2026-09-29 19:16:32
7772,,00,ETF/無產業分類,ETF/無產業分類／待細分,,,,https://ic.tpex.org.tw/company_chain.php?stk_code=7772,fallback/override,2026-09-23 22:42:34
8996,,00,ETF/無產業分類,ETF/無產業分類／待細分,,,,https://ic.tpex.org.tw/company_chain.php?stk_code=8996,fallback/override,2026-09-23 22:42:34
6168,,00,ETF/無產業分類,ETF/無產業分類／待細分,,,,https://ic.tpex.org.tw/company_chain.php?stk_code=6168,fallback/override,2026-09-23 22:42:34
6021,,00,ETF/無產業分類,ETF/無產業分類／待細分,,,,https://ic.tpex.org.tw/company_chain.php?stk_code=6021,fallback/override,2026-09-23 22:42:34
6510,,00,ETF/無產業分類,ETF/無產業分類／待細分,,,,https://ic.tpex.org.tw/company_chain.php?stk_code=6510,fallback/override,2026-09-28 20:57:15
00715L,,00,ETF/無產業分類,ETF/無產業分類／待細分,,,,https://ic.tpex.org.tw/company_chain.php?stk_code=00715L,fallback/override,2026-09-23 22:42:34
2901,,00,ETF/無產業分類,ETF/無產業分類／待細分,,,,https://ic.tpex.org.tw/company_chain.php?stk_code=2901,fallback/override,2026-09-23 22:42:34
6274,台燿,28,電子零組件業,CCL／銅箔基板,印刷電路板 > 銅箔基板,,"印刷電路板, 銅箔基板",https://ic.tpex.org.tw/company_chain.php?stk_code=6274,fallback/override,2026-09-29 19:16:32
3021,,00,ETF/無產業分類,ETF/無產業分類／待細分,,,,https://ic.tpex.org.tw/company_chain.php?stk_code=3021,fallback/override,2026-09-28 20:57:15
6933,,00,ETF/無產業分類,ETF/無產業分類／待細分,,,,https://ic.tpex.org.tw/company_chain.php?stk_code=6933,fallback/override,2026-09-28 20:57:15
7547,,00,ETF/無產業分類,ETF/無產業分類／待細分,,,nan,https://ic.tpex.org.tw/company_chain.php?stk_code=7547,fallback/override,2026-09-29 19:16:32
6228,,00,ETF/無產業分類,ETF/無產業分類／待細分,,,,https://ic.tpex.org.tw/company_chain.php?stk_code=6228,fallback/override,2026-09-28 20:57:15
6213,,00,ETF/無產業分類,ETF/無產業分類／待細分,,,,https://ic.tpex.org.tw/company_chain.php?stk_code=6213,fallback/override,2026-09-28 20:57:15
3016,,00,ETF/無產業分類,ETF/無產業分類／待細分,,,,https://ic.tpex.org.tw/company_chain.php?stk_code=3016,fallback/override,2026-09-28 20:57:15
6533,,00,ETF/無產業分類,ETF/無產業分類／待細分,,,nan,https://ic.tpex.org.tw/company_chain.php?stk_code=6533,fallback/override,2026-09-29 19:16:32
3114,,00,ETF/無產業分類,ETF/無產業分類／待細分,,,,https://ic.tpex.org.tw/company_chain.php?stk_code=3114,fallback/override,2026-09-28 20:57:15
6103,,00,ETF/無產業分類,ETF/無產業分類／待細分,,,,https://ic.tpex.org.tw/company_chain.php?stk_code=6103,fallback/override,2026-09-28 20:57:15
2030,,00,ETF/無產業分類,ETF/無產業分類／待細分,,,,https://ic.tpex.org.tw/company_chain.php?stk_code=2030,fallback/override,2026-09-28 20:57:15
1809,,00,ETF/無產業分類,ETF/無產業分類／待細分,,,,https://ic.tpex.org.tw/company_chain.php?stk_code=1809,fallback/override,2026-09-28 20:57:15
6672,,00,ETF/無產業分類,ETF/無產業分類／待細分,,,,https://ic.tpex.org.tw/company_chain.php?stk_code=6672,fallback/override,2026-09-28 20:57:15
8201,,00,ETF/無產業分類,ETF/無產業分類／待細分,,,,https://ic.tpex.org.tw/company_chain.php?stk_code=8201,fallback/override,2026-09-28 20:57:15
4566,,00,ETF/無產業分類,ETF/無產業分類／待細分,,,,https://ic.tpex.org.tw/company_chain.php?stk_code=4566,fallback/override,2026-09-28 20:57:15
1709,,00,ETF/無產業分類,ETF/無產業分類／待細分,,,,https://ic.tpex.org.tw/company_chain.php?stk_code=1709,fallback/override,2026-09-28 20:57:15
1235,,00,ETF/無產業分類,ETF/無產業分類／待細分,,,nan,https://ic.tpex.org.tw/company_chain.php?stk_code=1235,fallback/override,2026-09-29 19:16:32
4183,,00,ETF/無產業分類,ETF/無產業分類／待細分,,,,https://ic.tpex.org.tw/company_chain.php?stk_code=4183,fallback/override,2026-09-28 20:57:15
7799,,00,ETF/無產業分類,ETF/無產業分類／待細分,,,,https://ic.tpex.org.tw/company_chain.php?stk_code=7799,fallback/override,2026-09-28 20:57:15
4951,,00,ETF/無產業分類,ETF/無產業分類／待細分,,,,https://ic.tpex.org.tw/company_chain.php?stk_code=4951,fallback/override,2026-09-28 20:57:15
3467,,00,ETF/無產業分類,ETF/無產業分類／待細分,,,nan,https://ic.tpex.org.tw/company_chain.php?stk_code=3467,fallback/override,2026-09-29 19:16:32
2923,,00,ETF/無產業分類,ETF/無產業分類／待細分,,,,https://ic.tpex.org.tw/company_chain.php?stk_code=2923,fallback/override,2026-09-28 20:57:15
2067,,00,ETF/無產業分類,ETF/無產業分類／待細分,,,,https://ic.tpex.org.tw/company_chain.php?stk_code=2067,fallback/override,2026-09-28 20:57:15
7810,,00,ETF/無產業分類,ETF/無產業分類／待細分,,,,https://ic.tpex.org.tw/company_chain.php?stk_code=7810,fallback/override,2026-09-28 20:57:15
8087,,00,ETF/無產業分類,ETF/無產業分類／待細分,,,,https://ic.tpex.org.tw/company_chain.php?stk_code=8087,fallback/override,2026-09-28 20:57:15
6118,,00,ETF/無產業分類,ETF/無產業分類／待細分,,,,https://ic.tpex.org.tw/company_chain.php?stk_code=6118,fallback/override,2026-09-28 20:57:15
4768,,00,ETF/無產業分類,ETF/無產業分類／待細分,,,nan,https://ic.tpex.org.tw/company_chain.php?stk_code=4768,fallback/override,2026-09-29 19:16:32
2061,,00,ETF/無產業分類,ETF/無產業分類／待細分,,,nan,https://ic.tpex.org.tw/company_chain.php?stk_code=2061,fallback/override,2026-09-29 19:16:32
5220,,00,ETF/無產業分類,ETF/無產業分類／待細分,,,nan,https://ic.tpex.org.tw/company_chain.php?stk_code=5220,fallback/override,2026-09-29 19:16:32
3518,,00,ETF/無產業分類,ETF/無產業分類／待細分,,,nan,https://ic.tpex.org.tw/company_chain.php?stk_code=3518,fallback/override,2026-09-29 19:16:32
6207,,00,ETF/無產業分類,ETF/無產業分類／待細分,,,nan,https://ic.tpex.org.tw/company_chain.php?stk_code=6207,fallback/override,2026-09-29 19:16:32
2340,,00,ETF/無產業分類,ETF/無產業分類／待細分,,,nan,https://ic.tpex.org.tw/company_chain.php?stk_code=2340,fallback/override,2026-09-29 19:16:32
5013,,00,ETF/無產業分類,ETF/無產業分類／待細分,,,nan,https://ic.tpex.org.tw/company_chain.php?stk_code=5013,fallback/override,2026-09-29 19:16:32
8935,,00,ETF/無產業分類,ETF/無產業分類／待細分,,,nan,https://ic.tpex.org.tw/company_chain.php?stk_code=8935,fallback/override,2026-09-29 19:16:32
6456,,00,ETF/無產業分類,ETF/無產業分類／待細分,,,nan,https://ic.tpex.org.tw/company_chain.php?stk_code=6456,fallback/override,2026-09-29 19:16:32
2020,,00,ETF/無產業分類,ETF/無產業分類／待細分,,,nan,https://ic.tpex.org.tw/company_chain.php?stk_code=2020,fallback/override,2026-09-29 19:16:32
8227,,00,ETF/無產業分類,ETF/無產業分類／待細分,,,nan,https://ic.tpex.org.tw/company_chain.php?stk_code=8227,fallback/override,2026-09-29 19:16:32
3094,,00,ETF/無產業分類,ETF/無產業分類／待細分,,,nan,https://ic.tpex.org.tw/company_chain.php?stk_code=3094,fallback/override,2026-09-29 19:16:32
8155,,00,ETF/無產業分類,ETF/無產業分類／待細分,,,nan,https://ic.tpex.org.tw/company_chain.php?stk_code=8155,fallback/override,2026-09-29 19:16:32
6550,,00,ETF/無產業分類,ETF/無產業分類／待細分,,,nan,https://ic.tpex.org.tw/company_chain.php?stk_code=6550,fallback/override,2026-09-29 19:16:32
6902,,00,ETF/無產業分類,ETF/無產業分類／待細分,,,nan,https://ic.tpex.org.tw/company_chain.php?stk_code=6902,fallback/override,2026-09-29 19:16:32
00708L,,00,ETF/無產業分類,ETF/無產業分類／待細分,,,nan,https://ic.tpex.org.tw/company_chain.php?stk_code=00708L,fallback/override,2026-09-29 19:16:32
2454,,00,ETF/無產業分類,ETF/無產業分類／待細分,,,nan,https://ic.tpex.org.tw/company_chain.php?stk_code=2454,fallback/override,2026-09-29 19:16:32
3443,,00,ETF/無產業分類,ETF/無產業分類／待細分,,,nan,https://ic.tpex.org.tw/company_chain.php?stk_code=3443,fallback/override,2026-09-29 19:16:32
00877,,00,ETF/無產業分類,ETF/無產業分類／待細分,,,nan,https://ic.tpex.org.tw/company_chain.php?stk_code=00877,fallback/override,2026-09-29 19:16:32
8150,,00,ETF/無產業分類,ETF/無產業分類／待細分,,,nan,https://ic.tpex.org.tw/company_chain.php?stk_code=8150,fallback/override,2026-09-29 19:16:32
6531,,00,ETF/無產業分類,ETF/無產業分類／待細分,,,nan,https://ic.tpex.org.tw/company_chain.php?stk_code=6531,fallback/override,2026-09-29 19:16:32
