symbol,name,industry,exchange,market
00400A,主動國泰動能高息,00,TWSE,
00401A,主動摩根台灣鑫收,00,TWSE,
00402A,主動安聯美國科技,00,TWSE,
00403A,主動統一升級50,00,TWSE,
00404A,主動聯博動能50,00,TWSE,
00405A,主動富邦台灣龍耀,00,TWSE,
00406A,主動中信台灣收益,00,TWSE,
00407A,主動凱基台灣,00,TWSE,
00408A,主動第一金優股息,00,TWSE,
00409A,主動復華全球50,00,TWSE,
00410A,主動永豐科技趨勢,00,TWSE,
00411A,主動統一前沿科技,00,TPEx,
0050,元大台灣50,00,TWSE,
0051,元大中型100,00,TWSE,
0052,富邦科技,00,TWSE,
0053,元大電子,00,TWSE,
0055,元大MSCI金融,00,TWSE,
0056,元大高股息,00,TWSE,
0057,富邦摩台,00,TWSE,
0061,元大寶滬深,00,TWSE,
006201,元大富櫃50,00,TPEx,
006203,元大MSCI台灣,00,TWSE,
006204,永豐臺灣加權,00,TWSE,
006205,富邦上証,00,TWSE,
006206,元大上證50,00,TWSE,
006207,復華滬深,00,TWSE,
006208,富邦台50,00,TWSE,
00625K,富邦上証+R,00,TWSE,
00631L,元大台灣50正2,00,TWSE,
00632R,元大台灣50反1,00,TWSE,
00633L,富邦上証正2,00,TWSE,
00634R,富邦上証反1,00,TWSE,
00635U,期元大S&P黃金,00,TWSE,
00636,國泰中國A50,00,TWSE,
00636K,國泰中國A50+U,00,TWSE,
00637L,元大滬深300正2,00,TWSE,
00638R,元大滬深300反1,00,TWSE,
00639,富邦深100,00,TWSE,
00640L,富邦日本正2,00,TWSE,
00641R,富邦日本反1,00,TWSE,
00642U,期元大S&P石油,00,TWSE,
00643,群益深証中小,00,TWSE,
00643K,群益深証中小+R,00,TWSE,
00645,富邦日本,00,TWSE,
00646,元大S&P500,00,TWSE,
00647L,元大S&P500正2,00,TWSE,
00648R,元大S&P500反1,00,TWSE,
00650L,復華香港正2,00,TWSE,
00651R,復華香港反1,00,TWSE,
00652,富邦印度,00,TWSE,
00653L,富邦印度正2,00,TWSE,
00654R,富邦印度反1,00,TWSE,
00655L,國泰中國A50正2,00,TWSE,
00656R,國泰中國A50反1,00,TWSE,
00657,國泰日經225,00,TWSE,
00657K,國泰日經225+U,00,TWSE,
00660,元大歐洲50,00,TWSE,
00661,元大日經225,00,TWSE,
00662,富邦NASDAQ,00,TWSE,
00663L,國泰臺灣加權正2,00,TWSE,
00664R,國泰臺灣加權反1,00,TWSE,
00665L,富邦恒生國企正2,00,TWSE,
00666R,富邦恒生國企反1,00,TWSE,
00668,國泰美國道瓊,00,TWSE,
00668K,國泰美國道瓊+U,00,TWSE,
00669R,國泰美國道瓊反1,00,TWSE,
00670L,富邦NASDAQ正2,00,TWSE,
00671R,富邦NASDAQ反1,00,TWSE,
00673R,期元大S&P原油反1,00,TWSE,
00674R,期元大S&P黃金反1,00,TWSE,
00675L,富邦臺灣加權正2,00,TWSE,
00676R,富邦臺灣加權反1,00,TWSE,
00678,群益那斯達克生技,00,TWSE,
00679B,元大美債20年,00,TPEx,
00680L,元大美債20正2,00,TWSE,
00681R,元大美債20反1,00,TWSE,
00682U,期元大美元指數,00,TWSE,
00683L,期元大美元指正2,00,TWSE,
00684R,期元大美元指反1,00,TWSE,
00685L,群益臺灣加權正2,00,TWSE,
00686R,群益臺灣加權反1,00,TWSE,
00687B,國泰20年美債,00,TPEx,
00687C,國泰20年美債+櫃U,00,TPEx,
00688L,國泰20年美債正2,00,TWSE,
00689R,國泰20年美債反1,00,TWSE,
00690,兆豐藍籌30,00,TWSE,
00692,富邦公司治理,00,TWSE,
00693U,期街口S&P黃豆,00,TWSE,
00694B,富邦美債1-3,00,TPEx,
00695B,富邦美債7-10,00,TPEx,
00696B,富邦美債20年,00,TPEx,
00697B,元大美債7-10,00,TPEx,
00700,富邦恒生國企,00,TWSE,
00701,國泰股利精選30,00,TWSE,
00702,國泰標普低波高息,00,TWSE,
00703,台新MSCI中國,00,TWSE,
00706L,期元大S&P日圓正2,00,TWSE,
00707R,期元大S&P日圓反1,00,TWSE,
00708L,期元大S&P黃金正2,00,TWSE,
00709,富邦歐洲,00,TWSE,
00710B,復華彭博非投等債,00,TWSE,
00711B,復華彭博新興債,00,TWSE,
00712,復華富時不動產,00,TWSE,
00713,元大台灣高息低波,00,TWSE,
00714,群益道瓊美國地產,00,TWSE,
00715L,期街口布蘭特正2,00,TWSE,
00717,富邦美國特別股,00,TWSE,
00719B,元大美債1-3,00,TPEx,
00720B,元大投資級公司債,00,TPEx,
00722B,群益投資級電信債,00,TPEx,
00723B,群益投資級科技債,00,TPEx,
00724B,群益投資級金融債,00,TPEx,
00725B,國泰投資級公司債,00,TPEx,
00726B,國泰新興投等債,00,TPEx,
00727B,國泰優選非投等債,00,TPEx,
00728,第一金工業30,00,TWSE,
00730,富邦臺灣優質高息,00,TWSE,
00731,復華富時高息低波,00,TWSE,
00733,富邦臺灣中小,00,TWSE,
00734B,台新JPM新興債,00,TPEx,
00735,國泰臺韓科技,00,TWSE,
00736,國泰新興市場,00,TWSE,
00737,國泰AI機器人,00,TWSE,
00738U,期元大道瓊白銀,00,TWSE,
00739,元大MSCI A股,00,TWSE,
00740B,富邦全球投等債,00,TPEx,
00741B,富邦全球非投等債,00,TPEx,
00746B,富邦A級公司債,00,TPEx,
00749B,凱基新興債10+,00,TPEx,
00750B,凱基科技債10+,00,TPEx,
00751B,元大AAA至A公司債,00,TPEx,
00752,中信中國50,00,TWSE,
00753L,中信中國50正2,00,TWSE,
00754B,群益AAA-AA公司債,00,TPEx,
00755B,群益投資級公用債,00,TPEx,
00756B,群益投等新興公債,00,TPEx,
00757,統一FANG+,00,TWSE,
00758B,復華能源債,00,TPEx,
00759B,復華製藥債,00,TPEx,
00760B,復華新興企業債,00,TPEx,
00761B,國泰A級公司債,00,TPEx,
00762,元大全球AI,00,TWSE,
00763U,期街口道瓊銅,00,TWSE,
00764B,群益25年美債,00,TPEx,
00768B,復華20年美債,00,TPEx,
00770,國泰北美科技,00,TWSE,
00771,元大US高息特別股,00,TWSE,
00772B,中信高評級公司債,00,TPEx,
00773B,中信優先金融債,00,TPEx,
00775B,台新投等債15+,00,TWSE,
00777B,凱基AAA至A公司債,00,TPEx,
00778B,凱基金融債20+,00,TPEx,
00779B,凱基美債25+,00,TPEx,
00780B,國泰A級金融債,00,TPEx,
00781B,國泰A級科技債,00,TPEx,
00782B,國泰A級公用債,00,TPEx,
00783,富邦中証500,00,TWSE,
00785B,富邦金融投等債,00,TPEx,
00786B,元大10年IG銀行債,00,TPEx,
00787B,元大10年IG醫療債,00,TPEx,
00788B,元大10年IG電能債,00,TPEx,
00789B,復華公司債A3,00,TPEx,
00791B,復華信用債1-5,00,TPEx,
00792B,群益A級公司債,00,TPEx,
00793B,群益AAA-A醫療債,00,TPEx,
00795B,中信美國公債20年,00,TPEx,
00799B,國泰A級醫療債,00,TPEx,
00830,國泰費城半導體,00,TWSE,
00834B,第一金金融債10+,00,TPEx,
00836B,永豐10年A公司債,00,TPEx,
00840B,凱基IG精選15+,00,TPEx,
00841B,凱基AAA-AA公司債,00,TPEx,
00842B,台新美元銀行債,00,TPEx,
00844B,台新15年IG金融債,00,TPEx,
00845B,富邦新興投等債,00,TPEx,
00846B,富邦歐洲銀行債,00,TPEx,
00847B,中信美國市政債,00,TPEx,
00848B,中信新興亞洲債,00,TPEx,
00849B,中信EM主權債0-5,00,TPEx,
00850,元大臺灣ESG永續,00,TWSE,
00851,台新全球AI,00,TWSE,
00852L,國泰美國道瓊正2,00,TWSE,
00853B,統一美債10年Aa-A,00,TPEx,
00856B,永豐1-3年美公債,00,TPEx,
00857B,永豐20年美公債,00,TPEx,
00858,永豐美國500大,00,TPEx,
00859B,群益0-1年美債,00,TPEx,
00860B,群益1-5Y投資級債,00,TPEx,
00861,元大全球未來通訊,00,TWSE,
00862B,中信投資級公司債,00,TPEx,
00863B,中信全球電信債,00,TPEx,
00864B,中信美國公債0-1,00,TPEx,
00865B,國泰US短期公債,00,TWSE,
00867B,台新A-BBB電信債,00,TPEx,
00870B,元大15年EM主權債,00,TPEx,
00875,國泰網路資安,00,TWSE,
00876,元大全球5G,00,TWSE,
00877,復華中國5G,00,TPEx,
00878,國泰永續高股息,00,TWSE,
00881,國泰台灣科技龍頭,00,TWSE,
00882,中信中國高股息,00,TWSE,
00884B,中信低碳新興債,00,TPEx,
00885,富邦越南,00,TWSE,
00886,永豐美國科技,00,TPEx,
00887,永豐中國科技50大,00,TPEx,
00888,永豐台灣ESG,00,TPEx,
00890B,凱基ESG BBB債15+,00,TPEx,
00891,中信關鍵半導體,00,TWSE,
00892,富邦台灣半導體,00,TWSE,
00893,國泰智能電動車,00,TWSE,
00894,中信小資高價30,00,TWSE,
00895,富邦未來車,00,TWSE,
00896,中信綠能及電動車,00,TWSE,
00897,富邦基因免疫生技,00,TWSE,
00898,國泰基因免疫革命,00,TWSE,
00899,FT潔淨能源,00,TWSE,
00900,富邦特選高股息30,00,TWSE,
00901,永豐智能車供應鏈,00,TWSE,
00902,中信電池及儲能,00,TWSE,
00903,富邦元宇宙,00,TWSE,
00904,台新臺灣半導體30,00,TWSE,
00905,FT臺灣Smart,00,TWSE,
00907,永豐優息存股,00,TWSE,
00908,富邦入息REITs+,00,TWSE,
00909,國泰數位支付服務,00,TWSE,
00910,第一金太空衛星,00,TWSE,
00911,兆豐洲際半導體,00,TWSE,
00912,中信臺灣智慧50,00,TWSE,
00913,兆豐台灣晶圓製造,00,TWSE,
00915,凱基優選高股息30,00,TWSE,
00916,國泰全球品牌50,00,TWSE,
00917,中信特選金融,00,TWSE,
00918,大華優利高填息30,00,TWSE,
00919,群益台灣精選高息,00,TWSE,
00920,富邦ESG綠色電力,00,TWSE,
00921,兆豐龍頭等權重,00,TWSE,
00922,國泰台灣領袖50,00,TWSE,
00923,群益台ESG低碳50,00,TWSE,
00924,復華S&P500成長,00,TWSE,
00926,凱基全球菁英55,00,TWSE,
00927,群益半導體收益,00,TWSE,
00928,中信上櫃ESG30,00,TPEx,
00929,復華台灣科技優息,00,TWSE,
00930,永豐ESG低碳高息,00,TWSE,
00931B,統一美債20年,00,TPEx,
00932,兆豐永續高息等權,00,TWSE,
00933B,國泰10Y+金融債,00,TPEx,
00934,中信成長高股息,00,TWSE,
00935,野村臺灣新科技50,00,TWSE,
00936,台新永續高息中小,00,TWSE,
00937B,群益ESG投等債20+,00,TPEx,
00938,凱基優選30,00,TWSE,
00939,統一台灣高息動能,00,TWSE,
00940,元大台灣價值高息,00,TWSE,
00941,中信上游半導體,00,TWSE,
00942B,台新美A公司債20+,00,TPEx,
00943,兆豐電子高息等權,00,TWSE,
00944,野村趨勢動能高息,00,TWSE,
00945B,凱基美國非投等債,00,TWSE,
00946,群益科技高息成長,00,TWSE,
00947,台新臺灣IC設計,00,TWSE,
00948B,中信優息投資級債,00,TPEx,
00949,復華日本龍頭,00,TWSE,
00950B,凱基A級公司債,00,TPEx,
00951,台新日本半導體,00,TWSE,
00952,凱基台灣AI50,00,TWSE,
00953B,群益優選非投等債,00,TWSE,
00954,中信日本半導體,00,TWSE,
00955,中信日本商社,00,TPEx,
00956,中信日經高股息,00,TWSE,
00957B,兆豐US優選投等債,00,TPEx,
00958B,永豐ESG銀行債15+,00,TPEx,
00959B,大華投等美債15Y+,00,TPEx,
00960,野村全球航運龍頭,00,TWSE,
00961,FT臺灣永續高息,00,TWSE,
00962,台新AI優息動能,00,TWSE,
00963,中信全球高股息,00,TWSE,
00964,中信亞太高股息,00,TWSE,
00965,元大航太防衛科技,00,TWSE,
00966B,統一ESG投等債15+,00,TPEx,
00967B,元大優息美債,00,TPEx,
00968B,元大優息投等債,00,TPEx,
00969B,元大零息超長美債,00,TPEx,
00970B,台新BBB投等債20+,00,TPEx,
00971,野村美國研發龍頭,00,TWSE,
00972,野村日本動能高息,00,TWSE,
009800,中信NASDAQ,00,TWSE,
009801,中信美國創新科技,00,TWSE,
009802,富邦旗艦50,00,TWSE,
009803,玉山市值動能50,00,TWSE,
009804,聯邦台精彩50,00,TWSE,
009805,台新美國電力基建,00,TWSE,
009806,台新標普500,00,TPEx,
009807,台新標普科技精選,00,TPEx,
009808,華南永昌優選50,00,TWSE,
009809,富邦淨零ESG50,00,TWSE,
00980A,主動野村臺灣優選,00,TWSE,
00980B,台新特選IG債10+,00,TPEx,
00980D,主動聯博投等入息,00,TPEx,
00980T,平衡凱基美國TOP,00,TPEx,
009810,玉山全球藍籌100,00,TWSE,
009811,統一美國50,00,TWSE,
009812,野村日本東證,00,TWSE,
009813,貝萊德標普卓越50,00,TWSE,
009814,富邦標普500,00,TPEx,
009815,大華美國MAG7+,00,TPEx,
009816,凱基台灣TOP50,00,TWSE,
009817,國泰日本不動產,00,TWSE,
009818,華南永昌NASDAQxT,00,TWSE,
009819,中信數據及電力,00,TWSE,
00981A,主動統一台股增長,00,TWSE,
00981B,第一金優選非投債,00,TPEx,
00981D,主動中信非投等債,00,TPEx,
00981T,平衡凱基雙核收息,00,TWSE,
009820,元大納斯達克精選,00,TWSE,
009821,野村稀土關鍵資源,00,TWSE,
009822,華南永昌未來金融,00,TPEx,
009823,群益S&P500,00,TPEx,
009824,群益美國科技巨頭,00,TWSE,
009825,聯邦美國金融創新,00,TPEx,
009826,貝萊德世界股票,00,TWSE,
009827,玉山未來全球算力,00,TWSE,
009828,中信台日韓PCB,00,TWSE,
009829,大華韓國KOSPI50,00,TWSE,
00982A,主動群益台灣強棒,00,TWSE,
00982B,FT投資級債20+,00,TPEx,
00982D,主動富邦動態入息,00,TWSE,
00982T,平衡兆豐台美動能,00,TWSE,
00983A,主動中信ARK創新,00,TWSE,
00983B,大華優利美公債20,00,TPEx,
00983D,主動富邦複合收益,00,TWSE,
00984A,主動安聯台灣高息,00,TWSE,
00984B,大華優利美A債15,00,TPEx,
00984D,主動聯博全球非投,00,TWSE,
00985A,主動野村台灣50,00,TWSE,
00985B,群益ESG投等債0-5,00,TWSE,
00985D,主動貝萊德優投等,00,TPEx,
00986A,主動台新龍頭成長,00,TWSE,
00986B,FT金融債10+,00,TPEx,
00986D,主動復華金融債息,00,TPEx,
00987A,主動台新優勢成長,00,TWSE,
00987B,野村10+澳洲公債,00,TPEx,
00987D,主動統一美債量化,00,TPEx,
00988A,主動統一全球創新,00,TWSE,
00988B,玉山嚴選非投債,00,TPEx,
00989A,主動摩根美國科技,00,TWSE,
00989B,台新美國非投等債,00,TPEx,
00990A,主動元大AI新經濟,00,TWSE,
00990B,國泰收益非投等債,00,TPEx,
00991A,主動復華未來50,00,TWSE,
00991B,貝萊德A級公司債,00,TWSE,
00992A,主動群益科技創新,00,TWSE,
00993A,主動安聯台灣,00,TWSE,
00994A,主動第一金台股優,00,TWSE,
00995A,主動中信台灣卓越,00,TWSE,
00996A,主動兆豐台灣豐收,00,TWSE,
00997A,主動群益美國增長,00,TWSE,
00998A,主動復華金融股息,00,TPEx,
00999A,主動野村臺灣高息,00,TWSE,
01001T,土銀富邦R1,00,TWSE,
01002T,土銀國泰R1,00,TWSE,
01004T,土銀富邦R2,00,TWSE,
01007T,兆豐國泰R2,00,TWSE,
01009T,王道圓滿R1,00,TWSE,
01010T,京城樂富R1,00,TWSE,
020000,富邦特選蘋果N,00,TWSE,
020001,富邦存股雙十N,00,TPEx,
020011,統一微波高息20N,00,TWSE,
020012,富邦行動通訊N,00,TWSE,
02001L,富邦蘋果正二N,00,TWSE,
020020,元大台股領航N,00,TWSE,
020025,統一亞洲半導體N,00,TPEx,
020028,元大特選電動車N,00,TWSE,
020029,元大ESG高股息N,00,TWSE,
020030,統一智慧電動車N,00,TWSE,
020031,統一IC設計臺灣N,00,TWSE,
020032,元大綠能N,00,TWSE,
020033,統一恒生科期N,00,TPEx,
020034,元大IC設計N,00,TWSE,
020035,元大上櫃ESG高息N,00,TPEx,
020036,元大金融配息N,00,TWSE,
020037,元大金融高股息N,00,TWSE,
020038,元大ESG配息N,00,TWSE,
020039,元大加權N,00,TWSE,
020040,元大上櫃ESG龍頭N,00,TPEx,
020041,兆豐半導體氣候N,00,TPEx,
1101,台泥,01,TWSE,
11011,台泥一永,00,TPEx,
1101B,台泥乙特,01,TWSE,
1102,亞泥,01,TWSE,
1103,嘉泥,01,TWSE,
1104,環泥,01,TWSE,
1108,幸福,01,TWSE,
1109,信大,01,TWSE,
1110,東泥,01,TWSE,
1201,味全,02,TWSE,
1203,味王,02,TWSE,
1210,大成,02,TWSE,
1213,大飲,02,TWSE,
1215,卜蜂,02,TWSE,
1216,統一,02,TWSE,
1217,愛之味,02,TWSE,
1218,泰山,02,TWSE,
1219,福壽,02,TWSE,
1220,台榮,02,TWSE,
1225,福懋油,02,TWSE,
1227,佳格,02,TWSE,
1229,聯華,02,TWSE,
1231,聯華食,02,TWSE,
1232,大統益,02,TWSE,
1233,天仁,02,TWSE,
1234,黑松,02,TWSE,
1235,興泰,02,TWSE,
1236,宏亞,02,TWSE,
1240,茂生農經,33,TPEx,
1256,鮮活果汁-KY,02,TWSE,
12561,鮮活果汁一KY,00,TPEx,
1259,安心,16,TPEx,
1264,德麥,02,TPEx,
1268,漢來美食,16,TPEx,
1294,漢田生技,02,TPEx,
1295,生合,02,TPEx,
1301,台塑,03,TWSE,
1303,南亞,03,TWSE,
1304,台聚,03,TWSE,
1305,華夏,03,TWSE,
1307,三芳,03,TWSE,
1308,亞聚,03,TWSE,
1309,台達化,03,TWSE,
1310,台苯,03,TWSE,
1312,國喬,03,TWSE,
1312A,國喬特,03,TWSE,
1313,聯成,03,TWSE,
1314,中石化,03,TWSE,
1315,達新,03,TWSE,
1316,上曜,14,TWSE,
13166,上曜六,00,TPEx,
1319,東陽,12,TWSE,
1321,大洋,03,TWSE,
1323,永裕,03,TWSE,
1324,地球,03,TWSE,
1325,恆大,03,TWSE,
1326,台化,03,TWSE,
1336,台翰,28,TPEx,
1337,再生-KY,03,TWSE,
1338,廣華-KY,12,TWSE,
13382,廣華二KY,00,TPEx,
1339,昭輝,12,TWSE,
1340,勝悅-KY,03,TWSE,
1341,富林-KY,03,TWSE,
1342,八貫,20,TWSE,
1402,遠東新,04,TWSE,
140201,遠東新E1永,00,TPEx,
140202,遠東新E2永,00,TPEx,
1409,新纖,04,TWSE,
1410,南染,04,TWSE,
1413,宏洲,04,TWSE,
1414,東和,04,TWSE,
1416,廣豐,20,TWSE,
1417,嘉裕,04,TWSE,
1418,東華,04,TWSE,
1419,新紡,04,TWSE,
1423,利華,04,TWSE,
1432,大魯閣,37,TWSE,
1434,福懋,04,TWSE,
1435,中福,20,TWSE,
1436,華友聯,14,TWSE,
14363,華友聯三,00,TPEx,
14364,華友聯四,00,TPEx,
1437,勤益控,20,TWSE,
1438,三地開發,14,TWSE,
14381,三地開發一,00,TPEx,
1439,雋揚,14,TWSE,
1440,南紡,04,TWSE,
1441,大東,04,TWSE,
1442,名軒,14,TWSE,
1443,立益物流,20,TWSE,
1444,力麗,04,TWSE,
1445,大宇,04,TWSE,
1446,宏和,04,TWSE,
1447,力鵬,04,TWSE,
1449,佳和,04,TWSE,
1451,年興,04,TWSE,
1452,宏益,04,TWSE,
1453,大將,14,TWSE,
1454,台富,04,TWSE,
1455,集盛,04,TWSE,
1456,怡華,14,TWSE,
1457,宜進,04,TWSE,
1459,聯發,04,TWSE,
1460,宏遠,04,TWSE,
1463,強盛新,04,TWSE,
1464,得力,04,TWSE,
1465,偉全,04,TWSE,
1466,聚隆,04,TWSE,
14664,聚隆四,00,TPEx,
1467,南緯,04,TWSE,
1468,昶和,04,TWSE,
1470,大統新創,04,TWSE,
1471,首利,28,TWSE,
1472,三洋實業,14,TWSE,
14722,三洋實業二,00,TPEx,
14723,三洋實業三,00,TPEx,
1473,台南,04,TWSE,
1474,弘裕,04,TWSE,
14743,弘裕三,00,TPEx,
1475,業旺,04,TWSE,
1476,儒鴻,04,TWSE,
1477,聚陽,04,TWSE,
1503,士電,05,TWSE,
1504,東元,05,TWSE,
1506,正道,05,TWSE,
1512,瑞利,12,TWSE,
1513,中興電,05,TWSE,
1514,亞力,05,TWSE,
15142,亞力二,00,TPEx,
1515,力山,05,TWSE,
1516,川飛,20,TWSE,
1517,利奇,05,TWSE,
1519,華城,05,TWSE,
1521,大億,12,TWSE,
1522,堤維西,12,TWSE,
1522A,堤維西甲特,12,TWSE,
1524,耿鼎,12,TWSE,
1525,江申,12,TWSE,
1526,日馳,05,TWSE,
15261,日馳一,00,TPEx,
1527,鑽全,05,TWSE,
1528,恩德,05,TWSE,
1529,樂事綠能,05,TWSE,
1530,亞崴,05,TWSE,
1531,高林股,05,TWSE,
1532,勤美,05,TWSE,
1533,車王電,12,TWSE,
1535,中宇,05,TWSE,
1536,和大,12,TWSE,
15364,和大四,00,TPEx,
1537,廣隆,05,TWSE,
1538,正峰,05,TWSE,
1539,巨庭,05,TWSE,
1540,喬福,05,TWSE,
1541,錩泰,05,TWSE,
1558,伸興,05,TWSE,
1560,中砂,05,TWSE,
15602,中砂二,00,TPEx,
1563,巧新,12,TWSE,
1565,精華,22,TPEx,
1568,倉佑,12,TWSE,
1569,濱川,25,TPEx,
1570,力肯,05,TPEx,
1580,新麥,05,TPEx,
1582,信錦,28,TWSE,
1583,程泰,05,TWSE,
1584,精剛,20,TPEx,
1586,和勤,05,TPEx,
1587,吉茂,12,TWSE,
1590,亞德客-KY,05,TWSE,
1591,駿吉-KY,05,TPEx,
1593,祺驊,37,TPEx,
1595,川寶,24,TPEx,
15952,川寶二,00,TPEx,
1597,直得,05,TWSE,
1598,岱宇,37,TWSE,
15984,岱宇四,00,TPEx,
1599,宏佳騰,05,TPEx,
1603,華電,06,TWSE,
1604,聲寶,06,TWSE,
1605,華新,06,TWSE,
1608,華榮,06,TWSE,
1609,大亞,06,TWSE,
16095,大亞五,00,TPEx,
1611,中電,06,TWSE,
1612,宏泰,06,TWSE,
1614,三洋電,06,TWSE,
1615,大山,06,TWSE,
1616,億泰,06,TWSE,
1617,榮星,06,TWSE,
1618,合機,06,TWSE,
1623,大東電,06,TWSE,
16231,大東電一,00,TPEx,
1626,艾美特-KY,06,TWSE,
1702,南僑,02,TWSE,
1707,葡萄王,22,TWSE,
1708,東鹼,21,TWSE,
1709,和益,21,TWSE,
1710,東聯,21,TWSE,
1711,永光,21,TWSE,
1712,興農,21,TWSE,
1713,國化,21,TWSE,
1717,長興,21,TWSE,
17172,長興二,00,TPEx,
1718,中纖,21,TWSE,
1720,生達,22,TWSE,
1721,國慶科技,21,TWSE,
1722,台肥,21,TWSE,
1723,中碳,21,TWSE,
1725,元禎,21,TWSE,
1726,永記,21,TWSE,
1727,中華化,21,TWSE,
1730,花仙子,21,TWSE,
1731,美吾華,22,TWSE,
1732,毛寶,21,TWSE,
1733,五鼎,22,TWSE,
1734,杏輝,22,TWSE,
1735,日勝化,21,TWSE,
1736,喬山,37,TWSE,
1737,臺鹽,02,TWSE,
1742,台蠟,21,TPEx,
1752,南光,22,TWSE,
1760,寶齡富錦,22,TWSE,
1762,中化生,22,TWSE,
1773,勝一,21,TWSE,
1776,展宇,21,TWSE,
1777,生泰,22,TPEx,
1780,立弘,02,TPEx,
1781,合世,22,TPEx,
17813,合世三,00,TPEx,
1783,和康生,22,TWSE,
1784,訊聯,22,TPEx,
1785,光洋科,31,TPEx,
1786,科妍,22,TWSE,
17863,科妍三,00,TPEx,
1788,杏昌,22,TPEx,
1789,神隆,22,TWSE,
1795,美時,22,TWSE,
1796,金穎生技,02,TPEx,
1799,易威,22,TPEx,
1802,台玻,08,TWSE,
1805,寶徠,14,TWSE,
1806,冠軍,08,TWSE,
1808,潤隆,14,TWSE,
1809,中釉,08,TWSE,
1810,和成,08,TWSE,
1813,寶利徠,22,TPEx,
1815,富喬,28,TPEx,
1817,凱撒衛,08,TWSE,
1903,士紙,09,TWSE,
1904,正隆,09,TWSE,
1905,華紙,09,TWSE,
1906,寶隆,09,TWSE,
1907,永豐餘,09,TWSE,
1909,榮成,09,TWSE,
19094,榮成四,00,TPEx,
2002,中鋼,10,TWSE,
2002A,中鋼特,10,TWSE,
2006,東和鋼鐵,10,TWSE,
2007,燁興,10,TWSE,
2008,高興昌,10,TWSE,
2009,第一銅,10,TWSE,
2010,春源,10,TWSE,
2012,春雨,10,TWSE,
2013,中鋼構,10,TWSE,
2014,中鴻,10,TWSE,
2015,豐興,10,TWSE,
2017,官田鋼,10,TWSE,
2020,美亞,10,TWSE,
2022,聚亨,10,TWSE,
2023,燁輝,10,TWSE,
2024,志聯,10,TWSE,
2025,千興,10,TWSE,
2027,大成鋼,10,TWSE,
2028,威致,10,TWSE,
2029,盛餘,10,TWSE,
2030,彰源,10,TWSE,
2031,新光鋼,10,TWSE,
2032,新鋼,10,TWSE,
2033,佳大,10,TWSE,
2034,允強,10,TWSE,
20344,允強四,00,TPEx,
2035,唐榮,10,TPEx,
2038,海光,10,TWSE,
2049,上銀,05,TWSE,
2061,風青,06,TPEx,
2062,橋椿,38,TWSE,
2063,世鎧,10,TPEx,
2064,晉椿,10,TPEx,
2065,世豐,10,TPEx,
2066,世德,05,TPEx,
2067,嘉鋼,05,TPEx,
2069,運錩,10,TWSE,
2070,精湛,05,TPEx,
2072,世紀風電,35,TWSE,
2073,雄順,10,TPEx,
2101,南港,11,TWSE,
2102,泰豐,11,TWSE,
2103,台橡,11,TWSE,
2104,國際中橡,11,TWSE,
21043,國際中橡三,00,TPEx,
2105,正新,11,TWSE,
2106,建大,11,TWSE,
2107,厚生,11,TWSE,
2108,南帝,11,TWSE,
2109,華豐,11,TWSE,
2114,鑫永銓,11,TWSE,
2115,六暉-KY,12,TWSE,
2201,裕隆,12,TWSE,
22013,裕隆三,00,TPEx,
2204,中華,12,TWSE,
2206,三陽工業,12,TWSE,
2207,和泰車,12,TWSE,
2208,台船,15,TWSE,
2211,長榮鋼,10,TWSE,
2221,大甲,20,TPEx,
22211,大甲一,00,TPEx,
2227,裕日車,12,TWSE,
2228,劍麟,12,TWSE,
22283,劍麟三,00,TPEx,
2230,泰茂,38,TPEx,
2231,為升,12,TWSE,
2233,宇隆,12,TWSE,
22331,宇隆一,00,TPEx,
2235,謚源,05,TPEx,
2236,百達-KY,12,TWSE,
22363,百達三KY,00,TPEx,
2237,華德動能-創,12,TWSE,
2239,英利-KY,12,TWSE,
2241,艾姆勒,12,TWSE,
2243,宏旭-KY,12,TWSE,
2247,汎德永業,12,TWSE,
22471,汎德永業一,00,TPEx,
22472,汎德永業二,00,TPEx,
2248,華勝-KY,12,TWSE,
2250,IKKA-KY,12,TWSE,
2254,巨鎧精密-創,12,TWSE,
2258,鴻華先進-創,12,TWSE,
2301,光寶科,25,TWSE,
2302,麗正,24,TWSE,
2303,聯電,24,TWSE,
23031,聯電一,00,TPEx,
23032,聯電二,00,TPEx,
2308,台達電,28,TWSE,
2312,金寶,31,TWSE,
2313,華通,28,TWSE,
2314,台揚,27,TWSE,
2316,楠梓電,28,TWSE,
2317,鴻海,31,TWSE,
2323,中環,26,TWSE,
2324,仁寶,25,TWSE,
2327,國巨*,28,TWSE,
2328,廣宇,28,TWSE,
2329,華泰,24,TWSE,
23291,華泰一,00,TPEx,
2330,台積電,24,TWSE,
2331,精英,25,TWSE,
2332,友訊,27,TWSE,
2337,旺宏,24,TWSE,
23372,旺宏二,00,TPEx,
2340,台亞,24,TWSE,
2342,茂矽,24,TWSE,
2344,華邦電,24,TWSE,
2345,智邦,27,TWSE,
2347,聯強,29,TWSE,
2348,海悅,20,TWSE,
2348A,海悅甲特,20,TWSE,
2349,錸德,26,TWSE,
2351,順德,24,TWSE,
23511,順德一,00,TPEx,
2352,佳世達,25,TWSE,
2353,宏碁,25,TWSE,
2354,鴻準,31,TWSE,
2355,敬鵬,28,TWSE,
2356,英業達,25,TWSE,
2357,華碩,25,TWSE,
2359,所羅門,31,TWSE,
2360,致茂,31,TWSE,
2362,藍天,25,TWSE,
2363,矽統,24,TWSE,
2364,倫飛,25,TWSE,
2365,昆盈,25,TWSE,
2367,燿華,28,TWSE,
2368,金像電,28,TWSE,
2369,菱生,24,TWSE,
2371,大同,05,TWSE,
2373,震旦行,31,TWSE,
2374,佳能,26,TWSE,
23742,佳能二,00,TPEx,
2375,凱美,28,TWSE,
2376,技嘉,25,TWSE,
2377,微星,25,TWSE,
2379,瑞昱,24,TWSE,
2380,虹光,25,TWSE,
2382,廣達,25,TWSE,
2383,台光電,28,TWSE,
2385,群光,28,TWSE,
2387,精元,25,TWSE,
2388,威盛,24,TWSE,
2390,云辰,31,TWSE,
2392,正崴,28,TWSE,
2393,億光,26,TWSE,
2395,研華,25,TWSE,
2397,友通,25,TWSE,
2399,映泰,25,TWSE,
2401,凌陽,24,TWSE,
2402,毅嘉,28,TWSE,
24023,毅嘉三,00,TPEx,
2404,漢唐,31,TWSE,
2405,輔信,25,TWSE,
2406,國碩,26,TWSE,
2408,南亞科,24,TWSE,
2409,友達,26,TWSE,
2412,中華電,27,TWSE,
2413,環科,28,TWSE,
2414,精技,29,TWSE,
2415,錩新,28,TWSE,
2417,圓剛,25,TWSE,
2419,仲琦,27,TWSE,
2420,新巨,28,TWSE,
2421,建準,28,TWSE,
2423,固緯,31,TWSE,
2424,隴華,27,TWSE,
2425,承啟,25,TWSE,
2427,三商電,30,TWSE,
24271,三商電一,00,TPEx,
2428,興勤,28,TWSE,
2429,銘旺科,26,TWSE,
2430,燦坤,29,TWSE,
2431,聯昌,28,TWSE,
2432,倚天酷碁-創,25,TWSE,
2433,互盛電,31,TWSE,
2434,統懋,24,TWSE,
2436,偉詮電,24,TWSE,
2438,翔耀,26,TWSE,
2439,美律,27,TWSE,
24394,美律四,00,TPEx,
24395,美律五,00,TPEx,
2440,太空梭,28,TWSE,
2441,超豐,24,TWSE,
2442,新美齊,14,TWSE,
24423,新美齊三,00,TPEx,
24424,新美齊四,00,TPEx,
2444,兆勁,27,TWSE,
2449,京元電子,24,TWSE,
2450,神腦,27,TWSE,
2451,創見,24,TWSE,
2453,凌群,30,TWSE,
2454,聯發科,24,TWSE,
2457,飛宏,28,TWSE,
2458,義隆,24,TWSE,
2459,敦吉,31,TWSE,
2460,建通,28,TWSE,
2461,光群雷,31,TWSE,
2462,良得電,28,TWSE,
2464,盟立,31,TWSE,
24643,盟立三,00,TPEx,
2465,麗臺,25,TWSE,
2466,冠西電,26,TWSE,
2467,志聖,28,TWSE,
24672,志聖二,00,TPEx,
24673,志聖三,00,TPEx,
2468,華經,30,TWSE,
2471,資通,30,TWSE,
2472,立隆電,28,TWSE,
2474,可成,31,TWSE,
2476,鉅祥,28,TWSE,
24762,鉅祥二,00,TPEx,
2477,美隆電,31,TWSE,
2478,大毅,28,TWSE,
2480,敦陽科,30,TWSE,
2482,連宇,31,TWSE,
2483,百容,28,TWSE,
2484,希華,28,TWSE,
2485,兆赫,27,TWSE,
2486,一詮,26,TWSE,
24867,一詮七,00,TPEx,
2488,漢平,31,TWSE,
2489,瑞軒,26,TWSE,
2491,吉祥全,26,TWSE,
2492,華新科,28,TWSE,
2493,揚博,28,TWSE,
2495,普安,25,TWSE,
2496,卓越,20,TWSE,
2497,怡利電,12,TWSE,
2498,宏達電,27,TWSE,
2501,國建,14,TWSE,
2504,國產,14,TWSE,
2505,國揚,14,TWSE,
2506,太設,14,TWSE,
2509,全坤建,14,TWSE,
2511,太子,14,TWSE,
2514,龍邦,20,TWSE,
2515,中工,14,TWSE,
2516,新建,14,TWSE,
2520,冠德,14,TWSE,
2524,京城,14,TWSE,
2527,宏璟,14,TWSE,
2528,皇普,14,TWSE,
25283,皇普三,00,TPEx,
25284,皇普四,00,TPEx,
2530,華建,14,TWSE,
25303,華建三,00,TPEx,
25304,華建四,00,TPEx,
2534,宏盛,14,TWSE,
2535,達欣工,14,TWSE,
2536,宏普,14,TWSE,
2537,聯上發,14,TWSE,
2538,基泰,14,TWSE,
2539,櫻花建,14,TWSE,
2540,愛山林,14,TWSE,
2542,興富發,14,TWSE,
2543,皇昌,14,TWSE,
2545,皇翔,14,TWSE,
2546,根基,14,TWSE,
2547,日勝生,14,TWSE,
2548,華固,14,TWSE,
25483,華固三,00,TPEx,
25484,華固四,00,TPEx,
2596,綠意,14,TPEx,
2597,潤弘,14,TWSE,
2601,益航,15,TWSE,
2603,長榮,15,TWSE,
2605,新興,15,TWSE,
2606,裕民,15,TWSE,
2607,榮運,15,TWSE,
2608,嘉里大榮,15,TWSE,
2609,陽明,15,TWSE,
2610,華航,15,TWSE,
2611,志信,15,TWSE,
2612,中航,15,TWSE,
2613,中櫃,15,TWSE,
2614,東森,20,TWSE,
2615,萬海,15,TWSE,
2616,山隆,23,TWSE,
2617,台航,15,TWSE,
2618,長榮航,15,TWSE,
2630,亞航,15,TWSE,
2633,台灣高鐵,15,TWSE,
2634,漢翔,15,TWSE,
2636,台驊控股,15,TWSE,
2637,慧洋-KY,15,TWSE,
2640,大車隊,36,TPEx,
2641,正德,15,TPEx,
26417,正德七,00,TPEx,
26418,正德八,00,TPEx,
2642,宅配通,15,TWSE,
2643,捷迅,15,TPEx,
2645,長榮航太,15,TWSE,
2646,星宇航空,15,TWSE,
2701,萬企,16,TWSE,
2702,華園,16,TWSE,
2704,國賓,16,TWSE,
2705,六福,16,TWSE,
2706,第一店,16,TWSE,
2707,晶華,16,TWSE,
2712,遠雄來,16,TWSE,
2718,全心投控,14,TPEx,
2719,燦星旅,16,TPEx,
2722,夏都,16,TWSE,
2723,美食-KY,16,TWSE,
2724,藝舍-KY,20,TPEx,
2726,雅茗-KY,16,TPEx,
2727,王品,16,TWSE,
27271,王品一,00,TPEx,
2729,瓦城,16,TPEx,
2731,雄獅,16,TWSE,
2732,六角,16,TPEx,
27323,六角三,00,TPEx,
27324,六角四,00,TPEx,
2734,易飛網,16,TPEx,
2736,富野,16,TPEx,
2739,寒舍,16,TWSE,
2740,華軒,16,TPEx,
2743,山富,16,TPEx,
27431,山富一,00,TPEx,
2745,五福,16,TPEx,
27451,五福一,00,TPEx,
2748,雲品,16,TWSE,
2751,王座,16,TPEx,
2752,豆府,16,TPEx,
2753,八方雲集,16,TWSE,
27531,八方雲集一,00,TPEx,
27532,八方雲集二,00,TPEx,
2754,亞洲藏壽司,16,TPEx,
2755,揚秦,16,TPEx,
27551,揚秦一,00,TPEx,
2756,聯發國際,16,TPEx,
27561,聯發國際一,00,TPEx,
2762,世界健身-KY,37,TWSE,
2801,彰銀,17,TWSE,
2812,台中銀,17,TWSE,
2816,旺旺保,17,TWSE,
2820,華票,17,TWSE,
2832,台產,17,TWSE,
2834,臺企銀,17,TWSE,
2836,高雄銀,17,TWSE,
2836A,高雄銀甲特,17,TWSE,
2838,聯邦銀,17,TWSE,
2838A,聯邦銀甲特,17,TWSE,
2845,遠東銀,17,TWSE,
2849,安泰銀,17,TWSE,
2850,新產,17,TWSE,
2851,中再保,17,TWSE,
2852,第一保,17,TWSE,
2855,統一證,17,TWSE,
2880,華南金,17,TWSE,
2881,富邦金,17,TWSE,
2881A,富邦特,17,TWSE,
2881B,富邦金乙特,17,TWSE,
2881C,富邦金丙特,17,TWSE,
2882,國泰金,17,TWSE,
2882A,國泰特,17,TWSE,
2882B,國泰金乙特,17,TWSE,
2883,凱基金,17,TWSE,
2883B,凱基金乙特,17,TWSE,
2884,玉山金,17,TWSE,
2885,元大金,17,TWSE,
2886,兆豐金,17,TWSE,
2887,台新新光金,17,TWSE,
2887E,台新新光戊特一,17,TWSE,
2887F,台新新光戊特二,17,TWSE,
2887G,台新新光庚特一,17,TWSE,
2887H,台新新光庚特二,17,TWSE,
2887I,台新新光辛特,17,TWSE,
2887Z1,台新新光己特,17,TWSE,
2889,國票金,17,TWSE,
2890,永豐金,17,TWSE,
2891,中信金,17,TWSE,
2891B,中信金乙特,17,TWSE,
2891C,中信金丙特,17,TWSE,
2892,第一金,17,TWSE,
2897,王道銀行,17,TWSE,
2897B,王道銀乙特,17,TWSE,
2901,欣欣,18,TWSE,
2903,遠百,18,TWSE,
2904,匯僑,20,TWSE,
2905,三商,18,TWSE,
2906,高林,18,TWSE,
29061,高林一,00,TPEx,
2908,特力,18,TWSE,
2910,統領,18,TWSE,
2911,麗嬰房,18,TWSE,
2912,統一超,18,TWSE,
2913,農林,18,TWSE,
2915,潤泰全,18,TWSE,
2916,滿心,38,TPEx,
2923,鼎固-KY,14,TWSE,
2924,宏太-KY,38,TPEx,
2926,誠品生活,32,TPEx,
2929,淘帝-KY,18,TWSE,
2937,集雅社,38,TPEx,
2939,永邑-KY,18,TWSE,
2941,米斯特,38,TPEx,
2945,三商家購,18,TWSE,
2947,振宇五金,38,TPEx,
2948,寶陞,38,TPEx,
2949,欣新網,36,TPEx,
3002,歐格,25,TWSE,
3003,健和興,28,TWSE,
3004,豐達科,10,TWSE,
3005,神基,25,TWSE,
3006,晶豪科,24,TWSE,
3008,大立光,26,TWSE,
3010,華立,29,TWSE,
3011,今皓,28,TWSE,
30112,今皓二,00,TPEx,
3013,晟銘電,25,TWSE,
30134,晟銘電四,00,TPEx,
3014,聯陽,24,TWSE,
3015,全漢,28,TWSE,
3016,嘉晶,24,TWSE,
30165,嘉晶五,00,TPEx,
30166,嘉晶六,00,TPEx,
3017,奇鋐,25,TWSE,
3018,隆銘綠能,31,TWSE,
3019,亞光,26,TWSE,
3021,鴻名,28,TWSE,
3022,威強電,25,TWSE,
3023,信邦,28,TWSE,
3024,憶聲,26,TWSE,
3025,星通,27,TWSE,
3026,禾伸堂,28,TWSE,
3027,盛達,27,TWSE,
3028,增你強,29,TWSE,
30285,增你強五,00,TPEx,
3029,零壹,30,TWSE,
3030,德律,31,TWSE,
3031,佰鴻,26,TWSE,
3032,偉訓,28,TWSE,
30321,偉訓一,00,TPEx,
30322,偉訓二,00,TPEx,
3033,威健,29,TWSE,
30336,威健六,00,TPEx,
30337,威健七,00,TPEx,
3034,聯詠,24,TWSE,
3035,智原,24,TWSE,
3036,文曄,29,TWSE,
3037,欣興,28,TWSE,
30371,欣興一,00,TPEx,
3038,全台,26,TWSE,
3040,遠見,20,TWSE,
30401,遠見一,00,TPEx,
3041,揚智,24,TWSE,
3042,晶技,28,TWSE,
3043,科風,31,TWSE,
3044,健鼎,28,TWSE,
3045,台灣大,27,TWSE,
30454,台灣大四,00,TPEx,
30455,台灣大五,00,TPEx,
3046,建碁,25,TWSE,
3047,訊舟,27,TWSE,
3048,益登,29,TWSE,
3049,精金,26,TWSE,
3050,鈺德,26,TWSE,
3051,力特,26,TWSE,
3052,夆典,14,TWSE,
3054,立萬利,29,TWSE,
3056,富華新,14,TWSE,
3057,喬鼎,25,TWSE,
3058,立德,28,TWSE,
3059,華晶科,26,TWSE,
3060,銘異,25,TWSE,
3062,建漢,27,TWSE,
3064,泰偉,32,TPEx,
3066,李洲,26,TPEx,
3067,全域,38,TPEx,
3071,協禧,25,TPEx,
3073,天方能源,35,TPEx,
3078,僑威,28,TPEx,
3081,聯亞,27,TPEx,
30811,聯亞一,00,TPEx,
30812,聯亞二,00,TPEx,
3083,網龍,32,TPEx,
3085,新零售,36,TPEx,
3086,華義*,32,TPEx,
3088,艾訊,25,TPEx,
3090,日電貿,28,TWSE,
3092,鴻碩,28,TWSE,
3093,港建*,31,TPEx,
3094,聯傑,24,TWSE,
3095,及成,27,TPEx,
30954,及成四,00,TPEx,
3105,穩懋,24,TPEx,
3114,好德,28,TPEx,
3115,富榮綱,28,TPEx,
3118,進階,22,TPEx,
3122,笙泉,24,TPEx,
31222,笙泉二,00,TPEx,
3128,昇銳,26,TPEx,
3130,一零四,36,TWSE,
3131,弘塑,24,TPEx,
31311,弘塑一,00,TPEx,
31312,弘塑二,00,TPEx,
3135,凌航,24,TWSE,
31352,凌航二,00,TPEx,
3138,耀登,27,TWSE,
3141,晶宏,24,TPEx,
31413,晶宏三,00,TPEx,
31414,晶宏四,00,TPEx,
3147,大綜,30,TPEx,
3149,正達,26,TWSE,
31494,正達四,00,TPEx,
3150,鈺寶-創,24,TWSE,
3152,璟德,27,TPEx,
3158,嘉實,30,TPEx,
3162,精確,05,TPEx,
3163,波若威,27,TPEx,
3164,景岳,22,TWSE,
3167,大量,05,TWSE,
31672,大量二,00,TPEx,
3168,眾福科,26,TWSE,
3169,亞信,24,TPEx,
3171,炎洲流通,38,TPEx,
3176,基亞,22,TPEx,
3178,公準,24,TPEx,
3188,鑫龍騰,14,TPEx,
31882,鑫龍騰二,00,TPEx,
3189,景碩,24,TWSE,
3191,雲嘉南,28,TPEx,
3205,佰研,22,TPEx,
3206,志豐,28,TPEx,
3207,耀勝,28,TPEx,
32071,耀勝一,00,TPEx,
3209,全科,29,TWSE,
3211,順達,25,TPEx,
3213,茂訊,25,TPEx,
3217,優群,28,TPEx,
3218,大學光,22,TPEx,
3219,倚強科,31,TPEx,
32191,倚強科一,00,TPEx,
3221,台嘉碩,27,TPEx,
3224,三顧,29,TPEx,
3226,龍鋒,05,TPEx,
3227,原相,24,TPEx,
3228,金麗科,24,TPEx,
3230,錦明,26,TPEx,
3231,緯創,25,TWSE,
3232,昱捷,29,TPEx,
3234,光環,27,TPEx,
3236,千如,28,TPEx,
3252,海灣,16,TPEx,
3257,虹冠電,24,TWSE,
32571,虹冠電一,00,TPEx,
3259,鑫創,24,TPEx,
3260,威剛,24,TPEx,
3264,欣銓,24,TPEx,
3265,台星科,24,TPEx,
3266,昇陽,14,TWSE,
3268,海德威,24,TPEx,
3272,東碩,25,TPEx,
32723,東碩三,00,TPEx,
3276,宇環,28,TPEx,
3284,太普高,20,TPEx,
32843,太普高三,00,TPEx,
3285,微端,31,TPEx,
3287,廣寰科,25,TPEx,
3288,點晶,28,TPEx,
3289,宜特,31,TPEx,
3290,東浦,28,TPEx,
3293,鈊象,32,TPEx,
3294,英濟,28,TPEx,
32943,英濟三,00,TPEx,
3296,勝德,28,TWSE,
3297,杭特,26,TPEx,
3303,岱稜,31,TPEx,
33035,岱稜五,00,TPEx,
3305,昇貿,31,TWSE,
33055,昇貿五,00,TPEx,
3306,鼎天,27,TPEx,
3308,聯德,28,TWSE,
3310,佳穎,28,TPEx,
3311,閎暉,27,TWSE,
3312,弘憶股,29,TWSE,
33121,弘憶股一,00,TPEx,
3313,斐成,14,TPEx,
33133,斐成三,00,TPEx,
3317,尼克森,24,TPEx,
3321,同泰,28,TWSE,
3322,建舜電,28,TPEx,
33225,建舜電五,00,TPEx,
3323,加百裕,25,TPEx,
3324,雙鴻,31,TPEx,
33245,雙鴻五,00,TPEx,
33246,雙鴻六,00,TPEx,
33247,雙鴻七,00,TPEx,
3325,旭品,25,TPEx,
3332,幸康,28,TPEx,
3338,泰碩,28,TWSE,
3339,泰谷,26,TPEx,
3346,麗清,12,TWSE,
33466,麗清六,00,TPEx,
3349,寶德,25,TPEx,
3354,律勝,28,TPEx,
3357,臺慶科,28,TPEx,
33571,臺慶科一,00,TPEx,
3360,尚立,29,TPEx,
3362,先進光,26,TPEx,
33621,先進光一,00,TPEx,
3363,上詮,27,TPEx,
3372,典範,24,TPEx,
3373,熱映,31,TPEx,
3376,新日興,28,TWSE,
33763,新日興三,00,TPEx,
3379,彬台,05,TPEx,
3380,明泰,27,TWSE,
3388,崇越電,28,TPEx,
3390,旭軟,28,TPEx,
33902,旭軟二,00,TPEx,
3402,漢科,31,TPEx,
3406,玉晶光,26,TWSE,
3413,京鼎,24,TWSE,
3416,融程電,25,TWSE,
34163,融程電三,00,TPEx,
3419,譁裕,27,TWSE,
3430,奇鈦科,21,TPEx,
3432,台端,28,TWSE,
3434,哲固,26,TPEx,
3437,榮創,26,TWSE,
3438,類比科,24,TPEx,
3443,創意,24,TWSE,
3444,利機,29,TPEx,
3447,展達,27,TWSE,
3455,由田,26,TPEx,
3465,進泰電子,31,TPEx,
3466,德晉,27,TPEx,
3467,台灣精材,24,TPEx,
3479,安勤,25,TPEx,
34793,安勤三,00,TPEx,
3481,群創,26,TWSE,
3483,力致,25,TPEx,
34834,力致四,00,TPEx,
3484,崧騰,28,TPEx,
34843,崧騰三,00,TPEx,
3485,敘豐,28,TPEx,
3489,森寶,14,TPEx,
3490,單井,26,TPEx,
3491,昇達科,27,TPEx,
34913,昇達科三,00,TPEx,
3492,長盛,28,TPEx,
3494,誠研,25,TWSE,
3498,陽程,31,TPEx,
3499,環天科,27,TPEx,
3501,維熹,28,TWSE,
3504,揚明光,26,TWSE,
3508,位速,31,TPEx,
3511,矽瑪,28,TPEx,
3512,皇龍,14,TPEx,
35122,皇龍二,00,TPEx,
3515,華擎,25,TWSE,
3516,亞帝歐,26,TPEx,
35161,亞帝歐一,00,TPEx,
3518,柏騰,31,TWSE,
35181,柏騰一,00,TPEx,
3520,華盈,28,TPEx,
3521,台鋼建設,14,TPEx,
3522,御嵿,16,TPEx,
35221,御嵿一,00,TPEx,
3523,迎輝,26,TPEx,
3526,凡甲,28,TPEx,
35265,凡甲五,00,TPEx,
35266,凡甲六,00,TPEx,
35267,凡甲七,00,TPEx,
3527,聚積,24,TPEx,
3528,安馳,29,TWSE,
3529,力旺,24,TPEx,
3530,晶相光,24,TWSE,
3531,先益,26,TPEx,
3532,台勝科,24,TWSE,
3533,嘉澤,28,TWSE,
3535,晶彩科,26,TWSE,
3537,堡達,28,TPEx,
3540,曜越,25,TPEx,
3541,西柏,31,TPEx,
3543,州巧,26,TWSE,
35431,州巧一,00,TPEx,
3545,敦泰,24,TWSE,
3546,宇峻,32,TPEx,
3548,兆利,28,TPEx,
35482,兆利二,00,TPEx,
35483,兆利三,00,TPEx,
3550,聯穎,28,TWSE,
3551,世禾,35,TPEx,
35513,世禾三,00,TPEx,
3552,同致,31,TPEx,
3555,博士旺,24,TPEx,
3556,禾瑞亞,24,TPEx,
3557,嘉威,38,TWSE,
3558,神準,27,TPEx,
3563,牧德,26,TWSE,
3564,其陽,27,TPEx,
35642,其陽二,00,TPEx,
3567,逸昌,24,TPEx,
3570,大塚,30,TPEx,
3576,聯合再生,26,TWSE,
3577,泓格,25,TPEx,
3580,友威科,31,TPEx,
3581,博磊,24,TPEx,
3583,辛耘,24,TWSE,
35833,辛耘三,00,TPEx,
3587,閎康,31,TPEx,
35872,閎康二,00,TPEx,
3588,通嘉,24,TWSE,
35914,艾笛森四,00,TPEx,
3592,瑞鼎,24,TWSE,
3593,力銘,28,TWSE,
3594,磐儀,25,TPEx,
3596,智易,27,TWSE,
3597,映興,28,TPEx,
3605,宏致,28,TWSE,
36053,宏致三,00,TPEx,
36054,宏致四,00,TPEx,
3607,谷崧,28,TWSE,
3609,三一東林,28,TPEx,
3611,鼎翰,25,TPEx,
3615,安可,26,TPEx,
3617,碩天,31,TWSE,
36173,碩天三,00,TPEx,
3622,洋華,26,TWSE,
3623,富晶通,26,TPEx,
3625,西勝,25,TPEx,
3628,盈正,31,TPEx,
3629,地心引力,32,TPEx,
3630,新鉅科,26,TPEx,
3631,晟楠,28,TPEx,
3632,研勤,27,TPEx,
3645,達邁,28,TWSE,
3646,艾恩特,28,TPEx,
3652,精聯,25,TWSE,
3653,健策,28,TWSE,
3661,世芯-KY,24,TWSE,
3663,鑫科,31,TPEx,
3664,安瑞-KY,27,TPEx,
3665,貿聯-KY,31,TWSE,
3666,光耀,26,TPEx,
3669,圓展,27,TWSE,
3672,康聯訊,27,TPEx,
3673,TPK-KY,26,TWSE,
3675,德微,24,TPEx,
3679,新至陞,28,TWSE,
3680,家登,24,TPEx,
36804,家登四,00,TPEx,
36805,家登五,00,TPEx,
36806,家登六,00,TPEx,
3684,榮昌,27,TPEx,
36841,榮昌一,00,TPEx,
3685,元創精密,05,TPEx,
3686,達能,24,TWSE,
3687,歐買尬,36,TPEx,
36872,歐買尬二,00,TPEx,
36873,歐買尬三,00,TPEx,
3689,湧德,28,TPEx,
36894,湧德四,00,TPEx,
3691,碩禾,26,TPEx,
36913,碩禾三,00,TPEx,
3693,營邦,25,TPEx,
3694,海華,27,TWSE,
3701,大眾控,25,TWSE,
3702,大聯大,29,TWSE,
3703,欣陸,14,TWSE,
3704,合勤控,27,TWSE,
3705,永信,22,TWSE,
3706,神達,25,TWSE,
3707,漢磊,24,TPEx,
37075,漢磊五,00,TPEx,
3708,上緯投控,35,TWSE,
37083,上緯投控三,00,TPEx,
37084,上緯投控四,00,TPEx,
3709,鑫聯大投控,25,TPEx,
3711,日月光投控,24,TWSE,
3712,永崴投控,25,TWSE,
3713,新晶投控,35,TPEx,
3714,富采,26,TWSE,
3715,定穎投控,28,TWSE,
37151,定穎投控一,00,TPEx,
37152,定穎投控二,00,TPEx,
3716,中化控股,22,TWSE,
3717,聯嘉投控,12,TWSE,
37171,聯嘉投控一,00,TPEx,
3718,中光電投控,26,TPEx,
4102,永日,22,TPEx,
4104,佳醫,22,TWSE,
4105,東洋,22,TPEx,
4106,雃博,22,TWSE,
4107,邦特,22,TPEx,
4108,懷特,22,TWSE,
4109,加捷生醫,22,TPEx,
4111,濟生,22,TPEx,
4113,聯上,14,TPEx,
41135,聯上五,00,TPEx,
41136,聯上六,00,TPEx,
4114,健喬,22,TPEx,
4116,明基醫,22,TPEx,
4119,旭富,22,TWSE,
4120,友華,22,TPEx,
4121,優盛,22,TPEx,
4123,晟德,22,TPEx,
41236,晟德六,00,TPEx,
41237,晟德七,00,TPEx,
41238,晟德八,00,TPEx,
41239,晟德九,00,TPEx,
4126,太醫,22,TPEx,
4127,天良,22,TPEx,
4128,中天,22,TPEx,
4129,聯合,22,TPEx,
41295,聯合五,00,TPEx,
4131,浩泰,22,TPEx,
4133,亞諾法,22,TWSE,
4137,麗豐-KY,22,TWSE,
41372,麗豐二KY,00,TPEx,
4138,曜亞,22,TPEx,
4139,馬光-KY,22,TPEx,
4142,國光生,22,TWSE,
4147,中裕,22,TPEx,
4148,全宇生技-KY,22,TWSE,
4153,鈺緯,22,TPEx,
4154,樂威科-KY,20,TPEx,
4155,訊映,22,TWSE,
4157,太景*-KY,22,TPEx,
4160,訊聯基因,22,TPEx,
4161,聿新科,22,TPEx,
4162,智擎,22,TPEx,
4163,鐿鈦,22,TPEx,
4164,承業醫,22,TWSE,
41645,承業醫五,00,TPEx,
4166,友霖,22,TPEx,
4167,松瑞藥,22,TPEx,
4168,醣聯,22,TPEx,
41684,醣聯四,00,TPEx,
4169,泰宗,22,TWSE,
4171,瑞基,33,TPEx,
4173,久裕,22,TPEx,
4174,浩鼎,22,TPEx,
4175,杏一,22,TPEx,
4178,永笙-KY,22,TWSE,
4183,福永生技,22,TPEx,
4188,安克,22,TPEx,
4190,佐登-KY,22,TWSE,
41903,佐登三KY,00,TPEx,
41904,佐登四KY,00,TPEx,
4192,杏國,22,TPEx,
4195,基米-創,22,TWSE,
4198,欣大健康,22,TPEx,
4205,中華食,02,TPEx,
4207,環泰,02,TPEx,
4303,信立,03,TPEx,
4305,世坤,03,TPEx,
4306,炎洲,03,TWSE,
4401,東隆興,04,TPEx,
4402,郡都開發,04,TPEx,
4406,新昕纖,04,TPEx,
4413,飛寶企業,04,TPEx,
4414,如興,04,TWSE,
4416,三圓,14,TPEx,
44163,三圓三,00,TPEx,
4417,金洲,04,TPEx,
4419,皇家美食,16,TPEx,
4420,光明,04,TPEx,
4426,利勤,04,TWSE,
4430,耀億,20,TPEx,
4432,銘旺實,04,TPEx,
4433,興采,04,TPEx,
4438,廣越,04,TWSE,
44383,廣越三,00,TPEx,
4439,冠星-KY,04,TWSE,
44391,冠星一KY,00,TPEx,
4440,宜新實業,04,TWSE,
4441,振大環球,04,TWSE,
4442,竣邦-KY,04,TPEx,
44421,竣邦一KY,00,TPEx,
4502,健信,05,TPEx,
4503,金雨,05,TPEx,
45031,金雨一,00,TPEx,
4506,崇友,05,TPEx,
4510,高鋒,05,TPEx,
45102,高鋒二,00,TPEx,
4513,福裕,05,TPEx,
4523,永彰,05,TPEx,
4526,東台,05,TWSE,
4527,方土霖,05,TPEx,
4528,江興鍛,05,TPEx,
4529,淳紳,20,TPEx,
4530,天意能創,16,TPEx,
4532,瑞智,05,TWSE,
4533,協易機,05,TPEx,
4534,慶騰,05,TPEx,
4535,至興,05,TPEx,
4536,拓凱,37,TWSE,
4538,大詠城,05,TPEx,
4540,全球傳動,05,TWSE,
4541,晟田,20,TPEx,
4542,科嶠,28,TPEx,
45421,科嶠一,00,TPEx,
4543,萬在,05,TPEx,
4545,銘鈺,28,TWSE,
4549,桓達,05,TPEx,
45491,桓達一,00,TPEx,
4550,長佳,05,TPEx,
4551,智伸科,12,TWSE,
4552,力達-KY,05,TWSE,
4554,橙的,31,TPEx,
4555,氣立,05,TWSE,
45554,氣立四,00,TPEx,
4556,旭然,20,TPEx,
4557,永新-KY,12,TWSE,
4558,寶緯,05,TPEx,
45581,寶緯一,00,TPEx,
4560,強信-KY,05,TWSE,
4561,健椿,05,TPEx,
4562,穎漢,05,TWSE,
4563,百德,05,TPEx,
4564,元翎,05,TWSE,
45641,元翎一,00,TPEx,
4566,時碩工業,05,TWSE,
45663,時碩工業三,00,TPEx,
4568,科際精密,05,TPEx,
4569,六方科-KY,12,TWSE,
45691,六方科一KY,00,TPEx,
4571,鈞興-KY,05,TWSE,
4572,駐龍,05,TWSE,
45721,駐龍一,00,TPEx,
4576,大銀微系統,05,TWSE,
4577,達航科技,31,TPEx,
4580,捷流閥業,05,TPEx,
4581,光隆精密-KY,12,TWSE,
45811,光隆精密一KY,00,TPEx,
4582,聚恆-創,35,TWSE,
4583,台灣精銳,05,TWSE,
4584,君帆,05,TPEx,
4585,達明,31,TWSE,
4588,玖鼎電力,31,TWSE,
4590,富田-創,05,TWSE,
4609,唐鋒,38,TPEx,
4702,中美實,38,TPEx,
4706,大恭,21,TPEx,
4707,磐亞,21,TPEx,
4711,永純,21,TPEx,
4714,永捷,21,TPEx,
47148,永捷八,00,TPEx,
4716,大立,21,TPEx,
4720,德淵,21,TWSE,
4721,美琪瑪,21,TPEx,
4722,國精化,21,TWSE,
47223,國精化三,00,TPEx,
47224,國精化四,00,TPEx,
4726,永昕,22,TPEx,
4728,雙美,22,TPEx,
4729,熒茂,26,TPEx,
4735,豪展,22,TPEx,
4736,泰博,22,TWSE,
4737,華廣,22,TWSE,
4739,康普,21,TWSE,
47393,康普三,00,TPEx,
47394,康普四,00,TPEx,
4741,泓瀚,21,TPEx,
4743,合一,22,TPEx,
4744,皇將,22,TPEx,
4745,合富-KY,22,TPEx,
4746,台耀,22,TWSE,
4747,強生*,22,TPEx,
4749,新應材,24,TPEx,
47491,新應材一,00,TPEx,
4754,國碳科,21,TPEx,
4755,三福化,21,TWSE,
4760,勤凱,31,TPEx,
47602,勤凱二,00,TPEx,
4763,材料*-KY,21,TWSE,
4764,雙鍵,21,TWSE,
47642,雙鍵二,00,TPEx,
4766,南寶,21,TWSE,
4767,誠泰科技,21,TPEx,
4768,晶呈科技,21,TPEx,
4770,上品,21,TWSE,
4771,望隼,22,TWSE,
4772,台特化,21,TPEx,
47721,台特化一,00,TPEx,
4806,桂田文創,32,TPEx,
4807,日成-KY,18,TWSE,
4903,聯光通,27,TPEx,
4904,遠傳,27,TWSE,
4905,台聯電,22,TPEx,
4906,正文,27,TWSE,
4907,富宇,14,TPEx,
4908,前鼎,27,TPEx,
4909,新復興,27,TPEx,
4911,德英,22,TPEx,
4912,聯德控股-KY,28,TWSE,
4915,致伸,28,TWSE,
4916,事欣科,25,TWSE,
4919,新唐,24,TWSE,
4923,力士,24,TPEx,
49231,力士一,00,TPEx,
4924,欣厚-KY,35,TPEx,
4927,泰鼎-KY,28,TWSE,
4930,燦星網,06,TWSE,
4931,新盛力,25,TPEx,
49311,新盛力一,00,TPEx,
4933,友輝,26,TPEx,
4934,太極,26,TWSE,
4935,茂林-KY,26,TWSE,
4938,和碩,25,TWSE,
4939,亞電,28,TPEx,
4942,嘉彰,26,TWSE,
4943,康控-KY,28,TWSE,
4946,辣椒,32,TPEx,
4949,有成精密,26,TWSE,
4950,金耘國際,10,TPEx,
4951,精拓科,24,TPEx,
4952,凌通,24,TWSE,
4953,緯致,30,TPEx,
4956,光鋐,26,TWSE,
4958,臻鼎-KY,28,TWSE,
4960,誠美材,26,TWSE,
4961,天鈺,24,TWSE,
4966,譜瑞-KY,24,TPEx,
4967,十銓,24,TWSE,
49675,十銓五,00,TPEx,
4968,立積,24,TWSE,
4971,IET-KY,24,TPEx,
4972,湯石照明,26,TPEx,
4973,廣穎,24,TPEx,
49731,廣穎電通一,00,TPEx,
4974,亞泰,28,TPEx,
4976,佳凌,26,TWSE,
4977,眾達-KY,27,TWSE,
4989,榮科,28,TWSE,
4991,環宇-KY,24,TPEx,
4994,傳奇,30,TWSE,
4995,晶達,26,TPEx,
4999,鑫禾,28,TWSE,
5007,三星,10,TWSE,
5009,榮剛,10,TPEx,
5011,久陽,10,TPEx,
5013,強新,10,TPEx,
5014,建錩,10,TPEx,
5015,華祺,10,TPEx,
5016,松和,10,TPEx,
5201,凱衛,30,TPEx,
52011,凱衛一,00,TPEx,
5202,力新,30,TPEx,
5203,訊連,30,TWSE,
5205,中茂,35,TPEx,
5206,坤悅,14,TPEx,
5209,新鼎,20,TPEx,
52091,新鼎一,00,TPEx,
5210,寶碩,30,TPEx,
5211,蒙恬,30,TPEx,
5212,凌網,30,TPEx,
52121,凌網一,00,TPEx,
5213,亞昕,14,TPEx,
5215,科嘉-KY,25,TWSE,
5220,萬達光電,26,TPEx,
5222,全訊,24,TWSE,
5223,安力-KY,25,TPEx,
5225,東科-KY,31,TWSE,
5227,立凱-KY,28,TPEx,
5228,鈺鎧,28,TPEx,
5230,雷笛克光學,26,TPEx,
5234,達興材料,26,TWSE,
5236,凌陽創新,24,TWSE,
5243,乙盛-KY,26,TWSE,
5244,弘凱,26,TWSE,
52441,弘凱一,00,TPEx,
5245,智晶,26,TPEx,
52452,智晶二,00,TPEx,
5251,天鉞電,26,TPEx,
5258,虹堡,25,TWSE,
5263,智崴,32,TPEx,
52635,智崴五,00,TPEx,
5269,祥碩,24,TWSE,
5272,笙科,24,TPEx,
5274,信驊,24,TPEx,
5276,達輝-KY,20,TPEx,
5278,尚凡*,36,TPEx,
5283,禾聯碩,06,TWSE,
5284,jpp-KY,20,TWSE,
52844,jpp四KY,00,TPEx,
52845,jpp五KY,00,TPEx,
5285,界霖,24,TWSE,
5287,數字,36,TPEx,
5288,豐祥-KY,05,TWSE,
5289,宜鼎,25,TPEx,
52892,宜鼎二,00,TPEx,
5291,邑昇,28,TPEx,
52912,邑昇二,00,TPEx,
5292,華懋,35,TWSE,
5299,杰力,24,TPEx,
5301,寶得利,16,TPEx,
5302,太欣,24,TPEx,
5306,桂盟,37,TWSE,
53064,桂盟四,00,TPEx,
5309,系統電,28,TPEx,
53096,系統電六,00,TPEx,
53097,系統電七,00,TPEx,
5310,天剛,30,TPEx,
5312,寶島科,22,TPEx,
5314,世紀*,20,TPEx,
5315,光聯,26,TPEx,
5321,美而快,36,TPEx,
53211,美而快一,00,TPEx,
5324,士開,14,TPEx,
5328,華容,28,TPEx,
5340,建榮,28,TPEx,
5344,立衛,24,TPEx,
5345,馥鴻,20,TPEx,
5347,世界,24,TPEx,
5348,正能量智能,37,TPEx,
5351,鈺創,24,TPEx,
5353,台林,27,TPEx,
5355,佳總,28,TPEx,
5356,協益,25,TPEx,
5364,力麗店,16,TPEx,
5381,光譜,05,TPEx,
5386,青雲,25,TPEx,
5388,中磊,27,TWSE,
53887,中磊七,00,TPEx,
5392,能率,26,TPEx,
5398,慕康生醫,20,TPEx,
5403,中菲,30,TPEx,
5410,國眾,30,TPEx,
5425,台半,24,TPEx,
5426,振發,25,TPEx,
5432,新門,35,TPEx,
5434,崇越,29,TWSE,
5438,東友,25,TPEx,
5439,高技,28,TPEx,
54391,高技一,00,TPEx,
5443,均豪,24,TPEx,
5450,南良,20,TPEx,
54501,南良一,00,TPEx,
5452,佶優,31,TPEx,
5455,昇益,14,TPEx,
5457,宣德,28,TPEx,
54573,宣德三,00,TPEx,
5460,同協,28,TPEx,
5464,霖宏,28,TPEx,
54642,霖宏二,00,TPEx,
5465,富驊,25,TPEx,
5468,凱鈺,24,TPEx,
5469,瀚宇博,28,TWSE,
5471,松翰,24,TWSE,
5474,聰泰,25,TPEx,
5475,德宏,28,TPEx,
5478,智冠,32,TPEx,
5481,新華,20,TPEx,
5483,中美晶,24,TPEx,
5484,慧友,26,TWSE,
5487,通泰,24,TPEx,
5488,松普,28,TPEx,
5489,彩富,31,TPEx,
5490,同亨,25,TPEx,
5493,三聯,31,TPEx,
5498,凱崴,28,TPEx,
5508,永信建,14,TPEx,
5511,德昌,14,TPEx,
5512,力麒,14,TPEx,
5514,三豐,14,TPEx,
5515,建國,14,TWSE,
5516,雙喜,14,TPEx,
5519,隆大,14,TWSE,
5520,力泰,14,TPEx,
5521,工信,14,TWSE,
5522,遠雄,14,TWSE,
5523,豐謙,14,TPEx,
5525,順天,14,TWSE,
5529,鉅陞,14,TPEx,
5530,龍巖,20,TPEx,
5531,鄉林,14,TWSE,
5533,皇鼎,14,TWSE,
5534,長虹,14,TWSE,
55344,長虹四,00,TPEx,
5536,聖暉*,31,TPEx,
55362,聖暉二,00,TPEx,
55363,聖暉三,00,TPEx,
5538,東明-KY,10,TWSE,
5543,桓鼎-KY,14,TPEx,
5546,永固-KY,14,TWSE,
5547,久舜,14,TPEx,
5548,安倉,14,TPEx,
5601,台聯櫃,15,TPEx,
5603,陸海,15,TPEx,
5604,中連,20,TPEx,
5607,遠雄港,15,TWSE,
5608,四維航,15,TWSE,
56087,四維航七,00,TPEx,
5609,中菲行,15,TPEx,
5701,劍湖山,16,TPEx,
5703,亞都,16,TPEx,
5704,老爺知,16,TPEx,
5706,鳳凰,16,TWSE,
5864,致和證,17,TPEx,
5871,中租-KY,20,TWSE,
5871A,中租-KY甲特,20,TWSE,
5876,上海商銀,17,TWSE,
5878,台名,17,TPEx,
5880,合庫金,17,TWSE,
5902,德記,38,TPEx,
5903,全家,38,TPEx,
5904,寶雅*,38,TPEx,
5905,南仁湖,16,TPEx,
5906,台南-KY,18,TWSE,
5907,大洋-KY,18,TWSE,
6005,群益證,17,TWSE,
6015,宏遠證,17,TPEx,
60152,宏遠證二,00,TPEx,
6016,康和證,17,TPEx,
6020,大展證,17,TPEx,
6021,美好證,17,TPEx,
6023,元大期,17,TPEx,
6024,群益期,17,TWSE,
6026,福邦證,17,TPEx,
6028,公勝保經,17,TPEx,
6101,寬魚國際,32,TPEx,
61011,寬魚國際一,00,TPEx,
61012,寬魚國際二,00,TPEx,
6103,合邦,24,TPEx,
6104,創惟,24,TPEx,
61041,創惟一,00,TPEx,
6108,競國,28,TWSE,
6109,亞元,27,TPEx,
6111,光聚晶電,32,TPEx,
61112,光聚晶電二,00,TPEx,
6112,邁達特,30,TWSE,
6113,亞矽,29,TPEx,
6114,久威,28,TPEx,
6115,鎰勝,28,TWSE,
6116,彩晶,26,TWSE,
6117,迎廣,25,TWSE,
61171,迎廣一,00,TPEx,
61172,迎廣二,00,TPEx,
6118,建達,29,TPEx,
6120,達運,26,TWSE,
6121,新普,25,TPEx,
6122,擎邦,05,TPEx,
6123,上奇,30,TPEx,
6124,業強,28,TPEx,
6125,廣運,05,TPEx,
61255,廣運五,00,TPEx,
6126,信音,28,TPEx,
61263,信音三,00,TPEx,
6127,九豪,28,TPEx,
6128,上福,25,TWSE,
6129,普誠,24,TPEx,
6130,上亞科技,22,TPEx,
6133,金橋,28,TWSE,
6134,萬旭,28,TPEx,
61343,萬旭三,00,TPEx,
6136,富爾特,27,TWSE,
6138,茂達,24,TPEx,
6139,亞翔,31,TWSE,
6140,訊達,30,TPEx,
6141,柏承,28,TWSE,
6142,友勁,27,TWSE,
6143,振曜,27,TPEx,
6144,得利影,32,TPEx,
6146,耕興,31,TPEx,
6147,頎邦,24,TPEx,
6148,驊宏資,30,TPEx,
6150,撼訊,25,TPEx,
61506,撼訊六,00,TPEx,
6151,晉倫,31,TPEx,
6152,百一,27,TWSE,
6153,嘉聯益,28,TWSE,
6154,順發,29,TPEx,
6155,鈞寶,28,TWSE,
6156,松上,28,TPEx,
61565,松上五,00,TPEx,
6158,禾昌,28,TPEx,
6160,欣技,25,TPEx,
6161,捷波,25,TPEx,
6163,華電網,30,TPEx,
61635,華電網五,00,TPEx,
6164,華興,26,TWSE,
6165,浪凡,36,TWSE,
6166,凌華,25,TWSE,
6167,久正,26,TPEx,
6168,宏齊,26,TWSE,
6169,昱泉,32,TPEx,
6170,統振,27,TPEx,
6171,大城地產,14,TPEx,
6174,安碁,28,TPEx,
6175,立敦,28,TPEx,
6176,瑞儀,26,TWSE,
6177,達麗,14,TWSE,
61777,達麗七,00,TPEx,
6179,亞通,20,TPEx,
61794,亞通四,00,TPEx,
6180,橘子,32,TPEx,
6182,合晶,24,TPEx,
61828,合晶八,00,TPEx,
6183,關貿,30,TWSE,
6184,大豐電,20,TWSE,
61843,大豐電三,00,TPEx,
6185,幃翔,28,TPEx,
6186,新潤,14,TPEx,
6187,萬潤,24,TPEx,
61876,萬潤六,00,TPEx,
6188,廣明,25,TPEx,
6189,豐藝,29,TWSE,
61894,豐藝四,00,TPEx,
6190,萬泰科,27,TPEx,
61907,萬泰科七,00,TPEx,
6191,精成科,28,TWSE,
6192,巨路,31,TWSE,
6194,育富,28,TPEx,
6195,詩肯,38,TPEx,
6196,帆宣,31,TWSE,
6197,佳必琪,28,TWSE,
61973,佳必琪三,00,TPEx,
6198,瑞築,14,TPEx,
61993,天品三,00,TPEx,
61994,天品四,00,TPEx,
6201,亞弘電,31,TWSE,
6202,盛群,24,TWSE,
6203,海韻電,28,TPEx,
6204,艾華,28,TPEx,
6205,詮欣,28,TWSE,
6206,飛捷,25,TWSE,
6207,雷科,28,TPEx,
62075,雷科五,00,TPEx,
62076,雷科六,00,TPEx,
6208,日揚,24,TPEx,
6209,今國光,26,TWSE,
62093,今國光三,00,TPEx,
6210,慶生,28,TPEx,
6212,理銘,14,TPEx,
6213,聯茂,28,TWSE,
6214,精誠,30,TWSE,
6215,和椿,31,TWSE,
6216,居易,27,TWSE,
6217,中探針,28,TPEx,
6218,豪勉,27,TPEx,
6219,富旺,14,TPEx,
62194,富旺四,00,TPEx,
6220,岳豐,28,TPEx,
622010,岳豐十,00,TPEx,
6221,晉泰,30,TPEx,
6222,立軒,26,TPEx,
6223,旺矽,24,TPEx,
62236,旺矽六,00,TPEx,
6224,聚鼎,28,TWSE,
6225,天瀚,26,TWSE,
6226,光鼎,26,TWSE,
6227,茂綸,29,TPEx,
6228,全譜,25,TPEx,
6229,研通,24,TPEx,
6230,尼得科超眾,25,TWSE,
6231,系微,30,TPEx,
6233,旺玖,24,TPEx,
6234,高僑,26,TPEx,
6235,華孚,25,TWSE,
6236,中湛,36,TPEx,
6237,驊訊,24,TPEx,
6239,力成,24,TWSE,
6240,松崗,30,TPEx,
6241,鑫永洋,27,TPEx,
6242,立康,22,TPEx,
6243,迅杰,24,TWSE,
62433,迅杰三,00,TPEx,
6244,茂迪,26,TPEx,
6245,立端,27,TPEx,
6246,臺龍,26,TPEx,
6248,沛波,10,TPEx,
6257,矽格,24,TWSE,
6259,百徽,28,TPEx,
6261,久元,24,TPEx,
6263,普萊德,27,TPEx,
6264,富裔,14,TPEx,
6265,方土昶,29,TPEx,
6266,泰詠,28,TPEx,
6269,台郡,28,TWSE,
62695,台郡五,00,TPEx,
62696,台郡六,00,TPEx,
6270,倍微,29,TPEx,
6271,同欣電,24,TWSE,
6272,驊陞,28,TWSE,
6274,台燿,28,TPEx,
6275,元山,28,TPEx,
6276,安鈦克,25,TPEx,
6277,宏正,25,TWSE,
6278,台表科,26,TWSE,
6279,胡連,28,TPEx,
6281,全國電,29,TWSE,
6282,康舒,28,TWSE,
62822,康舒二,00,TPEx,
6283,淳安,31,TWSE,
6284,佳邦,28,TPEx,
62843,佳邦三,00,TPEx,
6285,啟碁,27,TWSE,
6290,良維,28,TPEx,
629010,良維十,00,TPEx,
6291,沛亨,24,TPEx,
6292,迅德,28,TPEx,
6294,智基,32,TPEx,
6405,悅城,26,TWSE,
6409,旭隼,31,TWSE,
6411,晶焱,24,TPEx,
6412,群電,28,TWSE,
6414,樺漢,25,TWSE,
6415,矽力*-KY,24,TWSE,
6416,瑞祺電通,27,TWSE,
6417,韋僑,27,TPEx,
6418,詠昇,28,TPEx,
6419,京晨科,26,TPEx,
6423,億而得,24,TPEx,
6425,易發,05,TPEx,
64251,易發一,00,TPEx,
6426,統新,27,TWSE,
6431,光麗-KY,22,TWSE,
6432,今展科,28,TPEx,
64324,今展科四,00,TPEx,
6435,大中,24,TPEx,
6438,迅得,31,TWSE,
6441,廣錠,25,TPEx,
6442,光聖,27,TWSE,
6443,元晶,26,TWSE,
6446,藥華藥,22,TWSE,
6449,鈺邦,28,TWSE,
6451,訊芯-KY,24,TWSE,
6456,GIS-KY,26,TWSE,
6461,益得,22,TPEx,
6462,神盾,24,TPEx,
6464,台數科,20,TWSE,
6465,威潤,27,TPEx,
6469,大樹,22,TPEx,
64693,大樹三,00,TPEx,
6470,宇智,27,TPEx,
6472,保瑞,22,TWSE,
64724,保瑞四,00,TPEx,
64725,保瑞五,00,TPEx,
6474,華豫寧,29,TPEx,
6477,安集,26,TWSE,
64774,安集四,00,TPEx,
64775,安集五,00,TPEx,
6482,弘煜科,32,TPEx,
6485,點序,24,TPEx,
6486,互動,27,TPEx,
6488,環球晶,24,TPEx,
6491,晶碩,22,TWSE,
6492,生華科,22,TPEx,
6494,九齊,24,TPEx,
6496,科懋,22,TPEx,
6498,久禾光,26,TPEx,
6499,益安,22,TPEx,
6504,南六,20,TWSE,
6505,台塑化,23,TWSE,
6506,雙邦,04,TPEx,
6508,惠光,33,TPEx,
6509,聚和,21,TPEx,
65096,聚和六,00,TPEx,
6510,精測,24,TPEx,
65101,精測一,00,TPEx,
6512,啟發電,31,TPEx,
6515,穎崴,24,TWSE,
65152,穎崴二,00,TPEx,
6516,勤崴國際,30,TPEx,
6517,保勝光學,26,TPEx,
6523,達爾膚,22,TPEx,
6525,捷敏-KY,24,TWSE,
6526,達發,24,TWSE,
6527,明達醫,22,TPEx,
6530,創威,27,TPEx,
6531,愛普*,24,TWSE,
6532,瑞耘,24,TPEx,
6533,晶心科,24,TWSE,
65331,晶心科一,00,TPEx,
6534,正瀚-創,22,TWSE,
6535,順藥,22,TPEx,
6541,泰福-KY,22,TWSE,
6542,隆中,32,TPEx,
6546,正基,27,TPEx,
65461,正基一,00,TPEx,
65462,正基二,00,TPEx,
65463,正基三,00,TPEx,
6547,高端疫苗,22,TPEx,
65472,高端疫苗二,00,TPEx,
6548,長科*,24,TPEx,
6550,北極星藥業-KY,22,TWSE,
6552,易華電,24,TWSE,
65521,易華電一,00,TPEx,
6556,勝品,26,TPEx,
6558,興能高,31,TWSE,
6560,欣普羅,26,TPEx,
6561,是方,27,TPEx,
6568,宏觀,24,TPEx,
6569,醫揚,22,TPEx,
6570,維田,25,TPEx,
65702,維田二,00,TPEx,
6573,虹揚-KY,24,TWSE,
6574,霈方,22,TPEx,
6576,逸達,22,TPEx,
65761,逸達一,00,TPEx,
6577,勁豐,25,TPEx,
6578,達邦蛋白,33,TPEx,
6579,研揚,25,TWSE,
6581,鋼聯,35,TWSE,
6582,申豐,11,TWSE,
6584,南俊國際,28,TPEx,
65843,南俊國際三,00,TPEx,
6585,鼎基,20,TWSE,
65851,鼎基一,00,TPEx,
65852,鼎基二,00,TPEx,
6588,東典光電,27,TPEx,
6589,台康生技,22,TWSE,
6590,普鴻,30,TPEx,
6591,動力-KY,25,TWSE,
65914,動力四KY,00,TPEx,
6592,和潤企業,20,TWSE,
6592A,和潤企業甲特,20,TWSE,
6592B,和潤企業乙特,20,TWSE,
6593,台灣銘板,30,TPEx,
6596,寬宏藝術,32,TPEx,
6597,立誠,28,TPEx,
6598,ABC-KY,22,TWSE,
6603,富強鑫,05,TPEx,
66034,富強鑫四,00,TPEx,
6605,帝寶,12,TWSE,
6606,建德工業,05,TWSE,
6609,瀧澤科,05,TPEx,
6612,奈米醫材,22,TPEx,
6613,朋億*,31,TPEx,
6614,資拓宏宇,36,TWSE,
6615,慧智,22,TPEx,
6616,特昇-KY,38,TPEx,
66163,特昇三KY,00,TPEx,
6617,共信-KY,22,TPEx,
6624,萬年清,35,TPEx,
66241,萬年清一,00,TPEx,
6625,必應,20,TWSE,
6629,泰金-KY,38,TPEx,
66292,泰金二KY,00,TPEx,
6637,醫影,22,TPEx,
6640,均華,24,TPEx,
6641,基士德-KY,35,TWSE,
6642,富致,28,TPEx,
6643,M31,24,TPEx,
6645,金萬林-創,22,TWSE,
66451,金萬林一創,00,TPEx,
6649,台生材,22,TPEx,
6651,全宇昕,24,TPEx,
6654,天正國際,31,TPEx,
6655,科定,20,TWSE,
6657,華安,22,TWSE,
6658,聯策,31,TWSE,
6661,威健生技,22,TPEx,
6662,樂斯科,22,TPEx,
6664,群翊,28,TPEx,
66642,群翊二,00,TPEx,
6666,羅麗芬-KY,22,TWSE,
6667,信紘科,31,TPEx,
6668,中揚光,26,TWSE,
6669,緯穎,25,TWSE,
6670,復盛應用,37,TWSE,
66702,復盛應用二,00,TPEx,
6671,三能-KY,38,TWSE,
6672,騰輝電子-KY,28,TWSE,
6674,鋐寶科技,27,TWSE,
6679,鈺太,24,TPEx,
6680,鑫創電子,25,TPEx,
66801,鑫創電子一,00,TPEx,
6683,雍智科技,24,TPEx,
66831,雍智一,00,TPEx,
6684,安格,24,TPEx,
6689,伊雲谷,36,TWSE,
6690,安碁資訊,36,TPEx,
6691,洋基工程,31,TWSE,
6692,進能服,35,TPEx,
6693,廣閎科,24,TPEx,
66931,廣閎科一,00,TPEx,
6695,芯鼎,24,TWSE,
6697,東捷資訊,30,TPEx,
6698,旭暉應材,31,TWSE,
6703,軒郁,22,TPEx,
6706,惠特,26,TWSE,
67062,惠特二,00,TPEx,
6708,天擎,24,TPEx,
6712,長聖,22,TPEx,
6715,嘉基,28,TWSE,
6716,應廣,24,TPEx,
6719,力智,24,TWSE,
6720,久昌,24,TPEx,
6721,信實,20,TPEx,
6722,輝創,31,TWSE,
6725,矽科宏晟,31,TPEx,
6727,亞泰金屬,28,TPEx,
6728,上洋,38,TPEx,
6730,常廣,22,TPEx,
6732,昇佳電子,24,TPEx,
6733,博晟生醫,22,TPEx,
6735,美達科技,31,TPEx,
6739,竹陞科技,31,TPEx,
6741,91APP*-KY,36,TPEx,
6742,澤米,26,TWSE,
6743,安普新,31,TWSE,
6751,智聯服務,30,TPEx,
6752,叡揚,30,TPEx,
6753,龍德造船,15,TWSE,
67531,龍德造船一,00,TPEx,
6754,匯僑設計,38,TWSE,
6756,威鋒電子,24,TWSE,
6757,台灣虎航,15,TWSE,
6761,穩得,28,TPEx,
6762,達亞,22,TPEx,
6763,綠界科技*,36,TPEx,
6767,台微醫,22,TPEx,
6768,志強-KY,37,TWSE,
67681,志強一KY,00,TPEx,
6770,力積電,24,TWSE,
6771,平和環保-創,35,TWSE,
67711,平和環保一創,00,TPEx,
6776,展碁國際,29,TWSE,
6781,AES-KY,28,TWSE,
6782,視陽,22,TWSE,
6785,昱展新藥,22,TPEx,
6788,華景電,24,TPEx,
6789,采鈺,24,TWSE,
6790,永豐實,09,TWSE,
6791,虎門科技,30,TPEx,
6792,詠業,27,TWSE,
6794,向榮生技,22,TWSE,
6796,晉弘,22,TWSE,
67962,晉弘二,00,TPEx,
6799,來頡,24,TWSE,
6803,崑鼎,35,TPEx,
68032,崑鼎二,00,TPEx,
6804,明係,37,TPEx,
6805,富世達,28,TWSE,
6807,峰源-KY,38,TWSE,
6811,宏碁資訊,36,TPEx,
6821,聯寶,28,TPEx,
68211,聯寶一,00,TPEx,
6823,濾能,24,TPEx,
6829,千附精密,24,TPEx,
6830,汎銓,31,TWSE,
68301,汎銓一,00,TPEx,
6831,邁科,25,TWSE,
6835,圓裕,28,TWSE,
68351,圓裕一,00,TPEx,
6838,台新藥,22,TWSE,
6840,東研信超,31,TPEx,
68401,東研信超一,00,TPEx,
6841,長佳智能,22,TPEx,
6843,進典,05,TPEx,
68431,進典一,00,TPEx,
6844,諾貝兒,22,TPEx,
6846,綠茵,02,TPEx,
68461,綠茵一,00,TPEx,
68462,綠茵二,00,TPEx,
6854,錼創科技-KY創,24,TWSE,
68541,錼創科技一KY創,00,TPEx,
6855,數泓科,31,TPEx,
6856,鑫傳,32,TPEx,
6859,伯特光,26,TPEx,
6862,三集瑞-KY,28,TWSE,
68621,三集瑞一KY,00,TPEx,
6863,永道-KY,27,TWSE,
68631,永道一KY,00,TPEx,
6865,偉康科技,36,TPEx,
6869,雲豹能源,35,TWSE,
68692,雲豹能源二,00,TPEx,
6870,騰雲,36,TPEx,
68701,騰雲一,00,TPEx,
68702,騰雲二,00,TPEx,
6873,泓德能源,35,TWSE,
68731,泓德能源一,00,TPEx,
68732,泓德能源二,00,TPEx,
6874,倍力,30,TPEx,
68741,倍力一,00,TPEx,
6875,國邑*,22,TPEx,
6877,鏵友益,31,TPEx,
6881,潤德,20,TPEx,
6884,海柏特,30,TPEx,
6885,全福生技,22,TWSE,
6887,寶綠特-KY,35,TWSE,
6890,來億-KY,37,TWSE,
68901,來億一KY,00,TPEx,
68902,來億二KY,00,TPEx,
6894,衛司特,35,TPEx,
68941,衛司特一,00,TPEx,
6895,宏碩系統,24,TPEx,
6899,創為精密,26,TPEx,
6901,鑽石投資,20,TWSE,
6902,GOGOLOOK,36,TWSE,
6903,巨漢,31,TPEx,
69031,巨漢一,00,TPEx,
69032,巨漢二,00,TPEx,
6904,伯鑫,20,TPEx,
69041,伯鑫一,00,TPEx,
6906,現觀科,36,TWSE,
6907,雅特力-KY,24,TPEx,
6908,宏碁遊戲-創,29,TWSE,
6909,創控,24,TWSE,
6910,德鴻,36,TPEx,
6913,鴻呈,28,TPEx,
69131,鴻呈一,00,TPEx,
6914,阜爾運通,20,TWSE,
6916,華凌,26,TWSE,
6918,愛派司,22,TWSE,
6919,康霈*,22,TWSE,
6921,嘉雨思-創,24,TWSE,
6922,宸曜,25,TPEx,
6923,中台,35,TWSE,
6924,榮惠-KY創,28,TWSE,
6925,意藍,36,TPEx,
6928,攸泰科技,25,TWSE,
6929,佑全,22,TPEx,
6931,青松健康,22,TWSE,
6933,AMAX-KY,25,TWSE,
6934,心誠鎂,22,TWSE,
6936,永鴻生技,22,TWSE,
6937,天虹,24,TWSE,
6944,兆聯實業,35,TWSE,
6945,圓祥生技,22,TPEx,
6947,台鎔科技,35,TWSE,
6949,沛爾生醫*-創,22,TWSE,
6951,青新-創,35,TWSE,
6952,大武山,20,TWSE,
6953,家碩,24,TPEx,
6955,邦睿生技-創,22,TWSE,
6957,裕慶-KY,20,TWSE,
69571,裕慶一KY,00,TPEx,
6958,日盛台駿,20,TWSE,
6958A,日盛台駿甲特,20,TWSE,
6961,旅天下,16,TPEx,
6962,奕力-KY,24,TWSE,
6965,中傑-KY,37,TWSE,
6967,汎瑋材料,28,TPEx,
6968,萬達寵物,38,TPEx,
6969,成信實業*-創,35,TWSE,
6971,惠民實業,35,TPEx,
6982,大井泵浦,05,TPEx,
69821,大井泵浦一,00,TPEx,
69822,大井泵浦二,00,TPEx,
6983,華洋精機,31,TPEx,
6986,和迅,22,TPEx,
6988,威力暘-創,12,TWSE,
6994,富威電力,35,TWSE,
6996,力領科技,24,TPEx,
6997,博弘,36,TPEx,
7402,邑錡,26,TPEx,
74022,邑錡二,00,TPEx,
7547,碩網,36,TPEx,
7556,意德士,24,TPEx,
75561,意德士一永,00,TPEx,
75562,意德士二,00,TPEx,
7562,博來科技,25,TPEx,
7584,樂意,32,TPEx,
7610,聯友金屬-創,35,TWSE,
7631,聚賢研發-創,31,TWSE,
76311,聚賢研發一創,00,TPEx,
7642,昶瑞機電,05,TPEx,
7689,大鵬科CLMX,27,TWSE,
7703,銳澤,31,TPEx,
7704,明遠精密,24,TPEx,
7705,三商餐飲,16,TWSE,
7708,全家餐飲,16,TPEx,
7709,榮田,05,TPEx,
7712,博盛半導體,24,TPEx,
7713,威力德生醫,22,TPEx,
77131,威力德生醫一,00,TPEx,
7714,創泓科技,36,TPEx,
7715,裕山,35,TPEx,
7716,昱臺國際,15,TPEx,
7717,萊德光電-KY,27,TPEx,
7718,友鋮,05,TPEx,
7721,微程式,36,TWSE,
7722,LINEPAY,36,TWSE,
7723,築間,16,TPEx,
7728,光焱科技,31,TPEx,
7730,暉盛-創,24,TWSE,
7732,金興精密,12,TWSE,
7734,印能科技,24,TPEx,
7736,虎山,12,TWSE,
7738,東聯互動,36,TPEx,
7740,熙特爾-創,35,TWSE,
7743,金利食安,02,TPEx,
77431,金利食安一,00,TPEx,
7744,崴寶,28,TPEx,
7747,昕奇雲端,36,TPEx,
7749,意騰-KY,24,TWSE,
7750,新代,05,TWSE,
7751,竑騰,24,TPEx,
7753,星亞,26,TPEx,
7757,金色三麥,16,TPEx,
7760,享溫馨,16,TWSE,
7765,中華資安,36,TWSE,
7767,仁大資訊,30,TPEx,
7768,頌勝科技,24,TWSE,
7769,鴻勁,24,TWSE,
7770,君曜,24,TPEx,
7777,能率亞洲,20,TPEx,
7780,大研生醫*,02,TWSE,
7782,光速火箭,38,TPEx,
7786,東方風能,35,TWSE,
7788,松川精密,28,TWSE,
7791,皇家可口,02,TWSE,
7792,安葆,31,TPEx,
7794,宏碁智新,38,TPEx,
7795,長廣,28,TWSE,
7799,禾榮科,22,TWSE,
7803,雲象科技-創,22,TWSE,
7805,威聯通,36,TPEx,
7810,捷創科技,24,TPEx,
7811,民盛,37,TPEx,
7814,海昌生技,22,TPEx,
7818,溢泰實業,35,TWSE,
7819,精誠金融,30,TPEx,
7820,立盈,35,TPEx,
7821,神數,12,TWSE,
7822,倍利科,24,TWSE,
7823,奧義賽博-KY創,36,TWSE,
7825,和亞智慧,31,TPEx,
7827,漢康-KY創,22,TWSE,
7828,創新服務,24,TPEx,
7835,永悅健康-創,36,TWSE,
7839,達人網,36,TPEx,
7842,天能綠電,35,TPEx,
7855,和運租車,20,TWSE,
8011,台通,27,TWSE,
8016,矽創,24,TWSE,
8024,佑華,24,TPEx,
8027,鈦昇,05,TPEx,
80273,鈦昇三,00,TPEx,
8028,昇陽半導體,24,TWSE,
80282,昇陽半導體二,00,TPEx,
8032,光菱,29,TPEx,
8033,雷虎,20,TWSE,
8034,榮群,27,TPEx,
8038,長園科,28,TPEx,
8039,台虹,28,TWSE,
8040,九暘,24,TPEx,
8042,金山電,28,TPEx,
80426,金山電六,00,TPEx,
8043,蜜望實,28,TPEx,
8044,網家,36,TPEx,
8045,達運光電,27,TWSE,
8046,南電,28,TWSE,
8047,星雲,31,TPEx,
8048,德勝,27,TPEx,
8049,晶采,26,TPEx,
8050,廣積,25,TPEx,
80506,廣積六,00,TPEx,
8054,安國,24,TPEx,
80541,安國一,00,TPEx,
8064,東捷,26,TPEx,
8066,來思達,38,TPEx,
8067,志旭,29,TPEx,
8068,全達,29,TPEx,
8069,元太,26,TPEx,
8070,長華*,29,TWSE,
8071,能率網通,28,TPEx,
8072,陞泰,29,TWSE,
8074,鉅橡,28,TPEx,
80746,鉅橡六,00,TPEx,
8076,伍豐,25,TPEx,
8077,洛碁,16,TPEx,
8080,泰霖,14,TPEx,
8081,致新,24,TWSE,
8083,瑞穎,05,TPEx,
8084,巨虹,29,TPEx,
8085,福華,31,TPEx,
8086,宏捷科,24,TPEx,
8087,麗升能源,35,TPEx,
80872,麗升能源二,00,TPEx,
8088,品安,24,TPEx,
8089,康全電訊,27,TPEx,
8091,翔名,24,TPEx,
80914,翔名四,00,TPEx,
8092,建暐,31,TPEx,
80924,建暐四,00,TPEx,
8093,保銳,28,TPEx,
8096,擎亞,29,TPEx,
80962,擎亞二,00,TPEx,
80963,擎亞三,00,TPEx,
8097,常珵,27,TPEx,
8099,大世科,30,TPEx,
8101,華冠,27,TWSE,
8102,傑霖科技,24,TPEx,
8103,瀚荃,28,TWSE,
8104,錸寶,26,TWSE,
81042,錸寶二,00,TPEx,
8105,凌巨,26,TWSE,
8107,大億金茂,05,TPEx,
8109,博大,28,TPEx,
8110,華東,24,TWSE,
8111,立碁,26,TPEx,
81114,立碁四,00,TPEx,
8112,至上,29,TWSE,
811210,至上十,00,TPEx,
811211,至上11,00,TPEx,
8112A,至上甲特,29,TWSE,
8114,振樺電,25,TWSE,
8121,越峰,28,TPEx,
8131,福懋科,24,TWSE,
8147,正淩,28,TPEx,
81473,正淩三,00,TPEx,
8150,南茂,24,TWSE,
8155,博智,28,TPEx,
81551,博智一,00,TPEx,
81552,博智二,00,TPEx,
81553,博智三,00,TPEx,
8162,微矽電子-創,24,TWSE,
8163,達方,25,TWSE,
8171,天宇,35,TPEx,
81714,天宇四,00,TPEx,
81715,天宇五,00,TPEx,
8176,智捷,27,TPEx,
8182,加高,28,TPEx,
8183,精星,31,TPEx,
8201,無敵,31,TWSE,
8210,勤誠,25,TWSE,
82102,勤誠二,00,TPEx,
82103,勤誠三,00,TPEx,
8213,志超,28,TWSE,
8215,明基材,26,TWSE,
8222,寶一,05,TWSE,
82221,寶一一,00,TPEx,
8234,新漢,25,TPEx,
8240,華宏,26,TPEx,
8249,菱光,28,TWSE,
8255,朋程,05,TPEx,
8261,富鼎,24,TWSE,
8271,宇瞻,24,TWSE,
82711,宇瞻一,00,TPEx,
8272,全景軟體,30,TPEx,
8279,生展,22,TPEx,
8284,三竹,30,TPEx,
8289,泰藝,28,TPEx,
8291,尚茂,28,TPEx,
8299,群聯,24,TPEx,
82993,群聯三,00,TPEx,
8341,日友,35,TWSE,
8342,益張,20,TPEx,
8349,恒耀,10,TPEx,
8349A,恒耀甲特,10,TPEx,
8354,冠好,20,TPEx,
8367,建新國際,15,TWSE,
8374,羅昇,05,TWSE,
83742,羅昇二,00,TPEx,
8383,千附,24,TPEx,
8390,金益鼎,35,TPEx,
8401,白紗科,20,TPEx,
8403,盛弘,22,TPEx,
8404,百和興業-KY,20,TWSE,
84041,百和興業一KY,00,TPEx,
8409,商之器,22,TPEx,
8410,森田,25,TPEx,
8411,福貞-KY,20,TWSE,
84113,福貞三KY,00,TPEx,
8415,大國鋼,10,TPEx,
8416,實威,30,TPEx,
8421,旭源,20,TPEx,
8422,可寧衛*,35,TWSE,
84221,可寧衛一,00,TPEx,
84222,可寧衛二,00,TPEx,
8423,保綠-KY,35,TPEx,
8424,惠普,14,TPEx,
8426,紅木-KY,20,TPEx,
8429,金麗-KY,18,TWSE,
8431,匯鑽科,31,TPEx,
84312,匯鑽科二,00,TPEx,
8432,東生華,22,TPEx,
8433,弘帆,38,TPEx,
84332,弘帆二,00,TPEx,
84333,弘帆三,00,TPEx,
8435,鉅邁,20,TPEx,
8436,大江,22,TPEx,
8437,大地-KY,20,TPEx,
8438,昶昕,35,TWSE,
84381,昶昕一,00,TPEx,
8440,綠電,35,TPEx,
8442,威宏-KY,20,TWSE,
84422,威宏二KY,00,TPEx,
84423,威宏三KY,00,TPEx,
8443,阿瘦,18,TWSE,
8444,綠河-KY,20,TPEx,
8446,華研,32,TPEx,
8450,霹靂,32,TPEx,
8454,富邦媒,36,TWSE,
8455,大拓-KY,31,TPEx,
8462,柏文,37,TWSE,
84624,柏文四,00,TPEx,
8463,潤泰材,20,TWSE,
8464,億豐,38,TWSE,
8466,美吉吉-KY,20,TWSE,
8467,波力-KY,37,TWSE,
84672,波力二KY,00,TPEx,
84673,波力三KY,00,TPEx,
8472,納維康,36,TPEx,
8473,山林水,35,TWSE,
84732,山林水二,00,TPEx,
8476,台境*,35,TWSE,
84762,台境二,00,TPEx,
8477,創業家,36,TPEx,
8478,東哥遊艇,37,TWSE,
84781,東哥遊艇一,00,TPEx,
8481,政伸,20,TWSE,
8482,商億-KY,38,TWSE,
8487,愛爾達-創,36,TWSE,
8488,吉源-KY,20,TWSE,
84881,吉源一KY,00,TPEx,
8489,三貝德,20,TPEx,
84891,三貝德一,00,TPEx,
8499,鼎炫-KY,31,TWSE,
8905,裕國,20,TPEx,
8906,花王,20,TPEx,
8908,欣雄,23,TPEx,
8916,光隆,20,TPEx,
8917,欣泰,23,TPEx,
8921,沈氏,20,TPEx,
8923,時報,32,TPEx,
8924,大田,37,TPEx,
8926,台汽電,23,TWSE,
8927,北基,23,TPEx,
89277,北基七,00,TPEx,
89278,北基八,00,TPEx,
8928,鉅明,37,TPEx,
8929,富堡,20,TPEx,
8930,青鋼,10,TPEx,
8931,大汽電,23,TPEx,
8932,智通*,36,TPEx,
8933,愛地雅,37,TPEx,
8935,邦泰,20,TPEx,
8936,國統,20,TPEx,
89365,國統五,00,TPEx,
89366,國統六,00,TPEx,
8937,合騏*,20,TPEx,
8938,明安,37,TPEx,
8940,新天地,16,TWSE,
8941,關中,38,TPEx,
8942,森鉅,20,TPEx,
9103,美德醫療-DR,00,TWSE,
910322,康師傅-DR,00,TWSE,
9105,泰金寶-DR,00,TWSE,
910861,神州-DR,00,TWSE,
911608,明輝-DR,00,TWSE,
911622,泰聚亨-DR,00,TWSE,
911868,同方友友-DR,00,TWSE,
912000,晨訊科-DR,00,TWSE,
9136,巨騰-DR,00,TWSE,
9802,鈺齊-KY,37,TWSE,
98026,鈺齊六KY,00,TPEx,
9902,台火,20,TWSE,
9904,寶成,37,TWSE,
9905,大華,20,TWSE,
9906,欣巴巴,14,TWSE,
99063,欣巴巴三,00,TPEx,
9907,統一實,20,TWSE,
9908,大台北,23,TWSE,
9910,豐泰,37,TWSE,
9911,櫻花,38,TWSE,
9912,偉聯,25,TWSE,
9914,美利達,37,TWSE,
9917,中保科,20,TWSE,
9918,欣天然,23,TWSE,
9919,康那香,20,TWSE,
9921,巨大,37,TWSE,
9924,福興,38,TWSE,
9925,新保,20,TWSE,
9926,新海,23,TWSE,
9927,泰銘,20,TWSE,
9928,中視,20,TWSE,
9929,秋雨,20,TWSE,
9930,中聯資源,35,TWSE,
9931,欣高,23,TWSE,
9933,中鼎,20,TWSE,
99332,中鼎二,00,TPEx,
9934,成霖,38,TWSE,
9935,慶豐富,38,TWSE,
99353,慶豐富三,00,TPEx,
9937,全國,23,TWSE,
9938,百和,20,TWSE,
9939,宏全,20,TWSE,
99392,宏全二,00,TPEx,
9940,信義,20,TWSE,
9941,裕融,20,TWSE,
99412,裕融二,00,TPEx,
9941A,裕融甲特,20,TWSE,
9942,茂順,20,TWSE,
9943,好樂迪,16,TWSE,
9944,新麗,20,TWSE,
9945,潤泰新,20,TWSE,
9946,三發地產,14,TWSE,
9949,琉園,32,TPEx,
9950,萬國通,03,TPEx,
9951,皇田,05,TPEx,
9955,佳龍,35,TWSE,
9958,世紀鋼,10,TWSE,
99587,世紀鋼七,00,TPEx,
99588,世紀鋼八永,00,TPEx,
9960,邁達康,37,TPEx,
9962,有益,10,TPEx,
A00102,A00102,A1,TWSE,
A00104,A00104,A1,TWSE,
A00107,A00107,A1,TWSE,
A00108,A00108,A1,TWSE,
A00201,A00201,A2,TWSE,
A01102,A01102,A1,TWSE,
A01104,A01104,A1,TWSE,
A01107,A01107,A1,TWSE,
A01108,A01108,A1,TWSE,
A01201,A01201,A2,TWSE,
A02101,A02101,A1,TWSE,
A02103,A02103,A1,TWSE,
A02105,A02105,A1,TWSE,
A02108,A02108,A1,TWSE,
A02109,A02109,A1,TWSE,
A02201,A02201,A2,TWSE,
A03103,A03103,A1,TWSE,
A03105,A03105,A1,TWSE,
A03107,A03107,A1,TWSE,
A03108,A03108,A1,TWSE,
A03111,A03111,A1,TWSE,
A03112,A03112,A1,TWSE,
A03114,A03114,A1,TWSE,
A03116,A03116,A1,TWSE,
A04102,A04102,A1,TWSE,
A04104,A04104,A1,TWSE,
A04107,A04107,A1,TWSE,
A04108,A04108,A1,TWSE,
A04111,A04111,A1,TWSE,
A04114,A04114,A1,TWSE,
A05102,A05102,A1,TWSE,
A05106,A05106,A1,TWSE,
A05107,A05107,A1,TWSE,
A05109,A05109,A1,TWSE,
A05110,A05110,A1,TWSE,
A05114,A05114,A1,TWSE,
A06103,A06103,A1,TWSE,
A06104,A06104,A1,TWSE,
A06106,A06106,A1,TWSE,
A06108,A06108,A1,TWSE,
A06109,A06109,A1,TWSE,
A06111,A06111,A1,TWSE,
A07102,A07102,A1,TWSE,
A07103,A07103,A1,TWSE,
A07104,A07104,A1,TWSE,
A07105,A07105,A1,TWSE,
A07108,A07108,A1,TWSE,
A07109,A07109,A1,TWSE,
A07110,A07110,A1,TWSE,
A08102,A08102,A1,TWSE,
A08103,A08103,A1,TWSE,
A08104,A08104,A1,TWSE,
A08105,A08105,A1,TWSE,
A08106,A08106,A1,TWSE,
A08108,A08108,A1,TWSE,
A08109,A08109,A1,TWSE,
A08110,A08110,A1,TWSE,
A09102,A09102,A1,TWSE,
A09103,A09103,A1,TWSE,
A09104,A09104,A1,TWSE,
A09105,A09105,A1,TWSE,
A09106,A09106,A1,TWSE,
A09108,A09108,A1,TWSE,
A09109,A09109,A1,TWSE,
A09111,A09111,A1,TWSE,
A09113,A09113,A1,TWSE,
A10102,A10102,A1,TWSE,
A10103,A10103,A1,TWSE,
A10104,A10104,A1,TWSE,
A10105,A10105,A1,TWSE,
A10107,A10107,A1,TWSE,
A10110,A10110,A1,TWSE,
A10111,A10111,A1,TWSE,
A10112,A10112,A1,TWSE,
A10113,A10113,A1,TWSE,
A10201,A10201,A2,TWSE,
A10202,A10202,A2,TWSE,
A11101,A11101,A1,TWSE,
A11102,A11102,A1,TWSE,
A11103,A11103,A1,TWSE,
A11104,A11104,A1,TWSE,
A11105,A11105,A1,TWSE,
A11106,A11106,A1,TWSE,
A11107,A11107,A1,TWSE,
A11108,A11108,A1,TWSE,
A11109,A11109,A1,TWSE,
A11110,A11110,A1,TWSE,
A11111,A11111,A1,TWSE,
A11201,A11201,A2,TWSE,
A12101,A12101,A1,TWSE,
A12102,A12102,A1,TWSE,
A12104,A12104,A1,TWSE,
A12105,A12105,A1,TWSE,
A12106,A12106,A1,TWSE,
A12107,A12107,A1,TWSE,
A12108,A12108,A1,TWSE,
A12109,A12109,A1,TWSE,
A12110,A12110,A1,TWSE,
A12111,A12111,A1,TWSE,
A12201,A12201,A2,TWSE,
A13102,A13102,A1,TWSE,
A13103,A13103,A1,TWSE,
A13104,A13104,A1,TWSE,
A13105,A13105,A1,TWSE,
A13106,A13106,A1,TWSE,
A13107,A13107,A1,TWSE,
A13108,A13108,A1,TWSE,
A13109,A13109,A1,TWSE,
A13110,A13110,A1,TWSE,
A13111,A13111,A1,TWSE,
A13202,A13202,A2,TWSE,
A14101,A14101,A1,TWSE,
A14102,A14102,A1,TWSE,
A14103,A14103,A1,TWSE,
A14104,A14104,A1,TWSE,
A14105,A14105,A1,TWSE,
A14106,A14106,A1,TWSE,
A14107,A14107,A1,TWSE,
A14108,A14108,A1,TWSE,
A14109,A14109,A1,TWSE,
A14110,A14110,A1,TWSE,
A14111,A14111,A1,TWSE,
A14201,A14201,A2,TWSE,
A15101,A15101,A1,TWSE,
A15102,A15102,A1,TWSE,
A15103,A15103,A1,TWSE,
A15104,A15104,A1,TWSE,
A15105,A15105,A1,TWSE,
A15106,A15106,A1,TWSE,
A15107,A15107,A1,TWSE,
A15108,A15108,A1,TWSE,
A15201,A15201,A2,TWSE,
A15202,A15202,A2,TWSE,
A15203,A15203,A2,TWSE,
A90105,A90105,A1,TWSE,
A93106,A93106,A1,TWSE,
A95107,A95107,A1,TWSE,
A96102,A96102,A1,TWSE,
A96107,A96107,A1,TWSE,
A97102,A97102,A1,TWSE,
A97105,A97105,A1,TWSE,
A98102,A98102,A1,TWSE,
A98105,A98105,A1,TWSE,
A99102,A99102,A1,TWSE,
A99104,A99104,A1,TWSE,
A99107,A99107,A1,TWSE,
A99109,A99109,A1,TWSE,
